ISO-10303-21;
HEADER;
FILE_DESCRIPTION (( 'STEP AP203' ),
    '1' );
FILE_NAME ('G3VM_41AY1.step',
    '2013-10-06T23:11:36',
    ( 'OSMC1.0   匠エンジニアリング山之内' ),
    ( 'TAKUMI-Engniaring' ),
    'SwSTEP 2.0',
    'SolidWorks 2002025',
    '' );
FILE_SCHEMA (( 'CONFIG_CONTROL_DESIGN' ));
ENDSEC;

DATA;
#1 = EDGE_CURVE ( 'NONE', #341, #11, #624, .T. ) ;
#2 = ORIENTED_EDGE ( 'NONE', *, *, #259, .T. ) ;
#3 = ORIENTED_EDGE ( 'NONE', *, *, #573, .T. ) ;
#4 = ORIENTED_EDGE ( 'NONE', *, *, #431, .T. ) ;
#5 = ORIENTED_EDGE ( 'NONE', *, *, #1119, .T. ) ;
#6 = ORIENTED_EDGE ( 'NONE', *, *, #1313, .F. ) ;
#7 = ORIENTED_EDGE ( 'NONE', *, *, #2020, .T. ) ;
#8 = ORIENTED_EDGE ( 'NONE', *, *, #57, .F. ) ;
#9 = EDGE_LOOP ( 'NONE', ( #1697, #609, #1559, #96 ) ) ;
#10 = ADVANCED_FACE ( 'NONE', ( #653 ), #654, .F. ) ;
#11 = VERTEX_POINT ( 'NONE', #659 ) ;
#12 = EDGE_CURVE ( 'NONE', #268, #529, #660, .T. ) ;
#13 = VERTEX_POINT ( 'NONE', #671 ) ;
#14 = ORIENTED_EDGE ( 'NONE', *, *, #582, .T. ) ;
#15 = EDGE_LOOP ( 'NONE', ( #575, #2037, #590, #272 ) ) ;
#16 = EDGE_CURVE ( 'NONE', #291, #132, #673, .T. ) ;
#17 = EDGE_LOOP ( 'NONE', ( #178, #559, #193, #221, #373, #506, #260 ) ) ;
#18 = ORIENTED_EDGE ( 'NONE', *, *, #46, .T. ) ;
#19 = ORIENTED_EDGE ( 'NONE', *, *, #560, .T. ) ;
#20 = EDGE_CURVE ( 'NONE', #212, #960, #681, .T. ) ;
#21 = ORIENTED_EDGE ( 'NONE', *, *, #2027, .F. ) ;
#22 = EDGE_CURVE ( 'NONE', #316, #564, #693, .T. ) ;
#23 = ORIENTED_EDGE ( 'NONE', *, *, #508, .F. ) ;
#24 = ORIENTED_EDGE ( 'NONE', *, *, #1987, .F. ) ;
#25 = EDGE_CURVE ( 'NONE', #37, #615, #702, .T. ) ;
#26 = ORIENTED_EDGE ( 'NONE', *, *, #1473, .F. ) ;
#27 = EDGE_LOOP ( 'NONE', ( #251, #175, #1507, #58 ) ) ;
#28 = ADVANCED_FACE ( 'NONE', ( #706 ), #707, .F. ) ;
#29 = ORIENTED_EDGE ( 'NONE', *, *, #239, .T. ) ;
#30 = ORIENTED_EDGE ( 'NONE', *, *, #219, .T. ) ;
#31 = ORIENTED_EDGE ( 'NONE', *, *, #1788, .F. ) ;
#32 = ORIENTED_EDGE ( 'NONE', *, *, #2047, .F. ) ;
#33 = ADVANCED_FACE ( 'NONE', ( #724 ), #725, .T. ) ;
#34 = VERTEX_POINT ( 'NONE', #736 ) ;
#35 = ORIENTED_EDGE ( 'NONE', *, *, #261, .F. ) ;
#36 = EDGE_LOOP ( 'NONE', ( #86, #88, #2040, #216 ) ) ;
#37 = VERTEX_POINT ( 'NONE', #738 ) ;
#38 = ORIENTED_EDGE ( 'NONE', *, *, #1081, .T. ) ;
#39 = ORIENTED_EDGE ( 'NONE', *, *, #70, .F. ) ;
#40 = ORIENTED_EDGE ( 'NONE', *, *, #589, .F. ) ;
#41 = ORIENTED_EDGE ( 'NONE', *, *, #1767, .F. ) ;
#42 = ORIENTED_EDGE ( 'NONE', *, *, #242, .T. ) ;
#43 = ORIENTED_EDGE ( 'NONE', *, *, #1259, .F. ) ;
#44 = EDGE_CURVE ( 'NONE', #232, #125, #767, .T. ) ;
#45 = VERTEX_POINT ( 'NONE', #772 ) ;
#46 = EDGE_CURVE ( 'NONE', #465, #501, #780, .T. ) ;
#47 = EDGE_LOOP ( 'NONE', ( #145, #499, #587, #80, #353, #226, #493, #1593, #215, #41, #164, #196 ) ) ;
#48 = ORIENTED_EDGE ( 'NONE', *, *, #415, .F. ) ;
#49 = EDGE_CURVE ( 'NONE', #253, #977, #784, .T. ) ;
#50 = EDGE_CURVE ( 'NONE', #125, #341, #792, .T. ) ;
#51 = VERTEX_POINT ( 'NONE', #797 ) ;
#52 = ORIENTED_EDGE ( 'NONE', *, *, #365, .F. ) ;
#53 = VERTEX_POINT ( 'NONE', #833 ) ;
#54 = ORIENTED_EDGE ( 'NONE', *, *, #289, .T. ) ;
#55 = ORIENTED_EDGE ( 'NONE', *, *, #247, .F. ) ;
#56 = ORIENTED_EDGE ( 'NONE', *, *, #311, .F. ) ;
#57 = EDGE_CURVE ( 'NONE', #285, #570, #850, .T. ) ;
#58 = ORIENTED_EDGE ( 'NONE', *, *, #342, .F. ) ;
#59 = ORIENTED_EDGE ( 'NONE', *, *, #69, .T. ) ;
#60 = EDGE_CURVE ( 'NONE', #291, #1048, #871, .T. ) ;
#61 = ORIENTED_EDGE ( 'NONE', *, *, #311, .T. ) ;
#62 = ORIENTED_EDGE ( 'NONE', *, *, #50, .T. ) ;
#63 = EDGE_LOOP ( 'NONE', ( #2035, #228, #685, #43 ) ) ;
#64 = EDGE_CURVE ( 'NONE', #504, #2039, #890, .T. ) ;
#65 = ORIENTED_EDGE ( 'NONE', *, *, #167, .T. ) ;
#66 = ORIENTED_EDGE ( 'NONE', *, *, #44, .T. ) ;
#67 = ORIENTED_EDGE ( 'NONE', *, *, #335, .T. ) ;
#68 = ORIENTED_EDGE ( 'NONE', *, *, #399, .T. ) ;
#69 = EDGE_CURVE ( 'NONE', #610, #632, #923, .T. ) ;
#70 = EDGE_CURVE ( 'NONE', #452, #199, #930, .T. ) ;
#71 = EDGE_CURVE ( 'NONE', #227, #293, #934, .T. ) ;
#72 = ORIENTED_EDGE ( 'NONE', *, *, #473, .T. ) ;
#73 = ADVANCED_FACE ( 'NONE', ( #975 ), #976, .F. ) ;
#74 = EDGE_LOOP ( 'NONE', ( #1680, #497, #482, #1316 ) ) ;
#75 = EDGE_CURVE ( 'NONE', #356, #11, #1001, .T. ) ;
#76 = ORIENTED_EDGE ( 'NONE', *, *, #542, .T. ) ;
#77 = ORIENTED_EDGE ( 'NONE', *, *, #85, .T. ) ;
#78 = EDGE_LOOP ( 'NONE', ( #281, #321, #503, #55 ) ) ;
#79 = ORIENTED_EDGE ( 'NONE', *, *, #622, .T. ) ;
#80 = ORIENTED_EDGE ( 'NONE', *, *, #460, .T. ) ;
#81 = VERTEX_POINT ( 'NONE', #1034 ) ;
#82 = ORIENTED_EDGE ( 'NONE', *, *, #333, .F. ) ;
#83 = ADVANCED_FACE ( 'NONE', ( #1050 ), #1051, .F. ) ;
#84 = ORIENTED_EDGE ( 'NONE', *, *, #112, .F. ) ;
#85 = EDGE_CURVE ( 'NONE', #632, #104, #1070, .T. ) ;
#86 = ORIENTED_EDGE ( 'NONE', *, *, #380, .T. ) ;
#87 = ORIENTED_EDGE ( 'NONE', *, *, #470, .T. ) ;
#88 = ORIENTED_EDGE ( 'NONE', *, *, #2045, .F. ) ;
#89 = ADVANCED_FACE ( 'NONE', ( #1086 ), #1087, .F. ) ;
#90 = EDGE_CURVE ( 'NONE', #202, #518, #1094, .T. ) ;
#91 = EDGE_LOOP ( 'NONE', ( #56, #426, #299, #303 ) ) ;
#92 = ORIENTED_EDGE ( 'NONE', *, *, #1454, .T. ) ;
#93 = ORIENTED_EDGE ( 'NONE', *, *, #140, .F. ) ;
#94 = EDGE_LOOP ( 'NONE', ( #59, #77, #87, #557, #163, #511, #234 ) ) ;
#95 = ORIENTED_EDGE ( 'NONE', *, *, #109, .T. ) ;
#96 = ORIENTED_EDGE ( 'NONE', *, *, #2042, .T. ) ;
#97 = ORIENTED_EDGE ( 'NONE', *, *, #103, .T. ) ;
#98 = EDGE_CURVE ( 'NONE', #405, #217, #1147, .T. ) ;
#99 = ORIENTED_EDGE ( 'NONE', *, *, #399, .F. ) ;
#100 = ADVANCED_FACE ( 'NONE', ( #1151 ), #1152, .F. ) ;
#101 = ORIENTED_EDGE ( 'NONE', *, *, #109, .F. ) ;
#102 = EDGE_CURVE ( 'NONE', #605, #37, #1162, .T. ) ;
#103 = EDGE_CURVE ( 'NONE', #1101, #1240, #1171, .T. ) ;
#104 = VERTEX_POINT ( 'NONE', #1182 ) ;
#105 = EDGE_CURVE ( 'NONE', #119, #926, #1200, .T. ) ;
#106 = ORIENTED_EDGE ( 'NONE', *, *, #651, .F. ) ;
#107 = ORIENTED_EDGE ( 'NONE', *, *, #105, .F. ) ;
#108 = EDGE_LOOP ( 'NONE', ( #40, #14, #24, #569, #387, #48, #35 ) ) ;
#109 = EDGE_CURVE ( 'NONE', #241, #224, #1228, .T. ) ;
#110 = ORIENTED_EDGE ( 'NONE', *, *, #2029, .T. ) ;
#111 = ORIENTED_EDGE ( 'NONE', *, *, #398, .T. ) ;
#112 = EDGE_CURVE ( 'NONE', #516, #237, #1263, .T. ) ;
#113 = VERTEX_POINT ( 'NONE', #1267 ) ;
#114 = EDGE_CURVE ( 'NONE', #410, #293, #1269, .T. ) ;
#115 = ORIENTED_EDGE ( 'NONE', *, *, #1456, .F. ) ;
#116 = VERTEX_POINT ( 'NONE', #1285 ) ;
#117 = EDGE_LOOP ( 'NONE', ( #301, #436, #441, #185 ) ) ;
#118 = EDGE_CURVE ( 'NONE', #314, #382, #1287, .T. ) ;
#119 = VERTEX_POINT ( 'NONE', #1305 ) ;
#120 = ORIENTED_EDGE ( 'NONE', *, *, #261, .T. ) ;
#121 = EDGE_LOOP ( 'NONE', ( #606, #2034, #32, #2025, #413, #599, #2041, #1474, #486, #1856 ) ) ;
#122 = ORIENTED_EDGE ( 'NONE', *, *, #1119, .F. ) ;
#123 = EDGE_CURVE ( 'NONE', #113, #291, #1347, .T. ) ;
#124 = EDGE_LOOP ( 'NONE', ( #280, #161, #93, #302, #479, #92, #2026, #619, #67, #23 ) ) ;
#125 = VERTEX_POINT ( 'NONE', #1353 ) ;
#126 = ORIENTED_EDGE ( 'NONE', *, *, #519, .T. ) ;
#127 = ORIENTED_EDGE ( 'NONE', *, *, #473, .F. ) ;
#128 = ORIENTED_EDGE ( 'NONE', *, *, #505, .T. ) ;
#129 = ORIENTED_EDGE ( 'NONE', *, *, #543, .T. ) ;
#130 = ORIENTED_EDGE ( 'NONE', *, *, #402, .F. ) ;
#131 = EDGE_LOOP ( 'NONE', ( #476, #592, #275, #267 ) ) ;
#132 = VERTEX_POINT ( 'NONE', #1358 ) ;
#133 = EDGE_CURVE ( 'NONE', #568, #253, #1362, .T. ) ;
#134 = VERTEX_POINT ( 'NONE', #1383 ) ;
#135 = ORIENTED_EDGE ( 'NONE', *, *, #455, .F. ) ;
#136 = ORIENTED_EDGE ( 'NONE', *, *, #492, .T. ) ;
#137 = ORIENTED_EDGE ( 'NONE', *, *, #170, .T. ) ;
#138 = ADVANCED_FACE ( 'NONE', ( #1392 ), #1393, .T. ) ;
#139 = EDGE_CURVE ( 'NONE', #388, #1048, #1402, .T. ) ;
#140 = EDGE_CURVE ( 'NONE', #81, #1646, #1407, .T. ) ;
#141 = EDGE_LOOP ( 'NONE', ( #464, #423, #158, #1923 ) ) ;
#142 = ADVANCED_FACE ( 'NONE', ( #1420 ), #1421, .T. ) ;
#143 = ADVANCED_FACE ( 'NONE', ( #1430 ), #1431, .T. ) ;
#144 = VERTEX_POINT ( 'NONE', #1445 ) ;
#145 = ORIENTED_EDGE ( 'NONE', *, *, #151, .T. ) ;
#146 = ORIENTED_EDGE ( 'NONE', *, *, #586, .T. ) ;
#147 = ORIENTED_EDGE ( 'NONE', *, *, #153, .T. ) ;
#148 = ADVANCED_FACE ( 'NONE', ( #1495 ), #1496, .T. ) ;
#149 = ORIENTED_EDGE ( 'NONE', *, *, #278, .T. ) ;
#150 = ADVANCED_FACE ( 'NONE', ( #1502 ), #1503, .F. ) ;
#151 = EDGE_CURVE ( 'NONE', #568, #336, #1516, .T. ) ;
#152 = ORIENTED_EDGE ( 'NONE', *, *, #90, .F. ) ;
#153 = EDGE_CURVE ( 'NONE', #262, #564, #1537, .T. ) ;
#154 = ORIENTED_EDGE ( 'NONE', *, *, #174, .F. ) ;
#155 = ADVANCED_FACE ( 'NONE', ( #1546 ), #1547, .T. ) ;
#156 = VERTEX_POINT ( 'NONE', #1562 ) ;
#157 = EDGE_CURVE ( 'NONE', #2024, #1558, #1570, .T. ) ;
#158 = ORIENTED_EDGE ( 'NONE', *, *, #114, .F. ) ;
#159 = ORIENTED_EDGE ( 'NONE', *, *, #789, .F. ) ;
#160 = ORIENTED_EDGE ( 'NONE', *, *, #98, .F. ) ;
#161 = ORIENTED_EDGE ( 'NONE', *, *, #2045, .T. ) ;
#162 = ORIENTED_EDGE ( 'NONE', *, *, #69, .F. ) ;
#163 = ORIENTED_EDGE ( 'NONE', *, *, #492, .F. ) ;
#164 = ORIENTED_EDGE ( 'NONE', *, *, #613, .F. ) ;
#165 = ORIENTED_EDGE ( 'NONE', *, *, #246, .F. ) ;
#166 = ORIENTED_EDGE ( 'NONE', *, *, #2047, .T. ) ;
#167 = EDGE_CURVE ( 'NONE', #1047, #381, #1666, .T. ) ;
#168 = EDGE_LOOP ( 'NONE', ( #188, #1223, #1627, #130 ) ) ;
#169 = ORIENTED_EDGE ( 'NONE', *, *, #1473, .T. ) ;
#170 = EDGE_CURVE ( 'NONE', #186, #452, #1674, .T. ) ;
#171 = ORIENTED_EDGE ( 'NONE', *, *, #219, .F. ) ;
#172 = EDGE_LOOP ( 'NONE', ( #2030, #106, #435, #1350, #374, #618, #1294, #546, #127, #3 ) ) ;
#173 = ORIENTED_EDGE ( 'NONE', *, *, #247, .T. ) ;
#174 = EDGE_CURVE ( 'NONE', #1716, #977, #1696, .T. ) ;
#175 = ORIENTED_EDGE ( 'NONE', *, *, #455, .T. ) ;
#176 = ORIENTED_EDGE ( 'NONE', *, *, #531, .T. ) ;
#177 = EDGE_LOOP ( 'NONE', ( #534, #649, #1029, #1082 ) ) ;
#178 = ORIENTED_EDGE ( 'NONE', *, *, #447, .F. ) ;
#179 = EDGE_CURVE ( 'NONE', #1240, #134, #1737, .T. ) ;
#180 = ORIENTED_EDGE ( 'NONE', *, *, #112, .T. ) ;
#181 = EDGE_LOOP ( 'NONE', ( #514, #1317, #97, #135 ) ) ;
#182 = EDGE_CURVE ( 'NONE', #477, #186, #1779, .T. ) ;
#183 = ORIENTED_EDGE ( 'NONE', *, *, #2005, .T. ) ;
#184 = ORIENTED_EDGE ( 'NONE', *, *, #908, .F. ) ;
#185 = ORIENTED_EDGE ( 'NONE', *, *, #1, .F. ) ;
#186 = VERTEX_POINT ( 'NONE', #1806 ) ;
#187 = ORIENTED_EDGE ( 'NONE', *, *, #248, .T. ) ;
#188 = ORIENTED_EDGE ( 'NONE', *, *, #71, .F. ) ;
#189 = ADVANCED_FACE ( 'NONE', ( #1832 ), #1833, .F. ) ;
#190 = EDGE_LOOP ( 'NONE', ( #419, #349, #160, #444, #2043, #386, #1122, #231, #225, #378 ) ) ;
#191 = ORIENTED_EDGE ( 'NONE', *, *, #20, .T. ) ;
#192 = EDGE_LOOP ( 'NONE', ( #379, #1172, #147, #332, #370, #1083, #720 ) ) ;
#193 = ORIENTED_EDGE ( 'NONE', *, *, #719, .F. ) ;
#194 = EDGE_CURVE ( 'NONE', #253, #233, #1843, .T. ) ;
#195 = ORIENTED_EDGE ( 'NONE', *, *, #925, .T. ) ;
#196 = ORIENTED_EDGE ( 'NONE', *, *, #263, .T. ) ;
#197 = ORIENTED_EDGE ( 'NONE', *, *, #208, .T. ) ;
#198 = VERTEX_POINT ( 'NONE', #1855 ) ;
#199 = VERTEX_POINT ( 'NONE', #1857 ) ;
#200 = ORIENTED_EDGE ( 'NONE', *, *, #133, .F. ) ;
#201 = ADVANCED_FACE ( 'NONE', ( #1862 ), #1863, .T. ) ;
#202 = VERTEX_POINT ( 'NONE', #1868 ) ;
#203 = EDGE_CURVE ( 'NONE', #202, #227, #1869, .T. ) ;
#204 = VERTEX_POINT ( 'NONE', #1873 ) ;
#205 = EDGE_CURVE ( 'NONE', #561, #605, #1874, .T. ) ;
#206 = ORIENTED_EDGE ( 'NONE', *, *, #203, .T. ) ;
#207 = EDGE_CURVE ( 'NONE', #132, #202, #1878, .T. ) ;
#208 = EDGE_CURVE ( 'NONE', #2039, #214, #1882, .T. ) ;
#209 = ORIENTED_EDGE ( 'NONE', *, *, #595, .F. ) ;
#210 = ADVANCED_FACE ( 'NONE', ( #1886 ), #1887, .T. ) ;
#211 = ORIENTED_EDGE ( 'NONE', *, *, #245, .T. ) ;
#212 = VERTEX_POINT ( 'NONE', #1898 ) ;
#213 = ORIENTED_EDGE ( 'NONE', *, *, #538, .T. ) ;
#214 = VERTEX_POINT ( 'NONE', #1904 ) ;
#215 = ORIENTED_EDGE ( 'NONE', *, *, #22, .F. ) ;
#216 = ORIENTED_EDGE ( 'NONE', *, *, #284, .F. ) ;
#217 = VERTEX_POINT ( 'NONE', #1905 ) ;
#218 = ORIENTED_EDGE ( 'NONE', *, *, #239, .F. ) ;
#219 = EDGE_CURVE ( 'NONE', #237, #317, #1917, .T. ) ;
#220 = ORIENTED_EDGE ( 'NONE', *, *, #75, .F. ) ;
#221 = ORIENTED_EDGE ( 'NONE', *, *, #460, .F. ) ;
#222 = VERTEX_POINT ( 'NONE', #1922 ) ;
#223 = VERTEX_POINT ( 'NONE', #1924 ) ;
#224 = VERTEX_POINT ( 'NONE', #766 ) ;
#225 = ORIENTED_EDGE ( 'NONE', *, *, #208, .F. ) ;
#226 = ORIENTED_EDGE ( 'NONE', *, *, #415, .T. ) ;
#227 = VERTEX_POINT ( 'NONE', #779 ) ;
#228 = ORIENTED_EDGE ( 'NONE', *, *, #22, .T. ) ;
#229 = ORIENTED_EDGE ( 'NONE', *, *, #343, .T. ) ;
#230 = ORIENTED_EDGE ( 'NONE', *, *, #25, .T. ) ;
#231 = ORIENTED_EDGE ( 'NONE', *, *, #791, .F. ) ;
#232 = VERTEX_POINT ( 'NONE', #796 ) ;
#233 = VERTEX_POINT ( 'NONE', #804 ) ;
#234 = ORIENTED_EDGE ( 'NONE', *, *, #283, .T. ) ;
#235 = ORIENTED_EDGE ( 'NONE', *, *, #256, .F. ) ;
#236 = ORIENTED_EDGE ( 'NONE', *, *, #264, .F. ) ;
#237 = VERTEX_POINT ( 'NONE', #821 ) ;
#238 = ADVANCED_FACE ( 'NONE', ( #822 ), #823, .F. ) ;
#239 = EDGE_CURVE ( 'NONE', #330, #119, #829, .T. ) ;
#240 = ADVANCED_FACE ( 'NONE', ( #834 ), #835, .F. ) ;
#241 = VERTEX_POINT ( 'NONE', #840 ) ;
#242 = EDGE_CURVE ( 'NONE', #366, #325, #841, .T. ) ;
#243 = ORIENTED_EDGE ( 'NONE', *, *, #1454, .F. ) ;
#244 = ORIENTED_EDGE ( 'NONE', *, *, #263, .F. ) ;
#245 = EDGE_CURVE ( 'NONE', #2049, #119, #855, .T. ) ;
#246 = EDGE_CURVE ( 'NONE', #384, #1716, #859, .T. ) ;
#247 = EDGE_CURVE ( 'NONE', #615, #204, #863, .T. ) ;
#248 = EDGE_CURVE ( 'NONE', #2048, #528, #867, .T. ) ;
#249 = ORIENTED_EDGE ( 'NONE', *, *, #98, .T. ) ;
#250 = ORIENTED_EDGE ( 'NONE', *, *, #273, .F. ) ;
#251 = ORIENTED_EDGE ( 'NONE', *, *, #591, .T. ) ;
#252 = ORIENTED_EDGE ( 'NONE', *, *, #1628, .T. ) ;
#253 = VERTEX_POINT ( 'NONE', #875 ) ;
#254 = EDGE_LOOP ( 'NONE', ( #421, #522, #475, #533, #180, #408, #458 ) ) ;
#255 = VERTEX_POINT ( 'NONE', #880 ) ;
#256 = EDGE_CURVE ( 'NONE', #1986, #53, #882, .T. ) ;
#257 = EDGE_LOOP ( 'NONE', ( #481, #466, #554, #252 ) ) ;
#258 = ORIENTED_EDGE ( 'NONE', *, *, #49, .T. ) ;
#259 = EDGE_CURVE ( 'NONE', #2046, #198, #895, .T. ) ;
#260 = ORIENTED_EDGE ( 'NONE', *, *, #326, .F. ) ;
#261 = EDGE_CURVE ( 'NONE', #574, #612, #904, .T. ) ;
#262 = VERTEX_POINT ( 'NONE', #909 ) ;
#263 = EDGE_CURVE ( 'NONE', #1716, #568, #910, .T. ) ;
#264 = EDGE_CURVE ( 'NONE', #1276, #241, #914, .T. ) ;
#265 = EDGE_LOOP ( 'NONE', ( #173, #243, #122, #230 ) ) ;
#266 = EDGE_CURVE ( 'NONE', #960, #322, #918, .T. ) ;
#267 = ORIENTED_EDGE ( 'NONE', *, *, #1437, .T. ) ;
#268 = VERTEX_POINT ( 'NONE', #922 ) ;
#269 = EDGE_LOOP ( 'NONE', ( #1541, #1823, #397, #790, #456, #1906, #39, #526, #392, #213 ) ) ;
#270 = ORIENTED_EDGE ( 'NONE', *, *, #427, .T. ) ;
#271 = ORIENTED_EDGE ( 'NONE', *, *, #1805, .F. ) ;
#272 = ORIENTED_EDGE ( 'NONE', *, *, #651, .T. ) ;
#273 = EDGE_CURVE ( 'NONE', #570, #2024, #945, .T. ) ;
#274 = EDGE_CURVE ( 'NONE', #382, #45, #953, .T. ) ;
#275 = ORIENTED_EDGE ( 'NONE', *, *, #425, .T. ) ;
#276 = ADVANCED_FACE ( 'NONE', ( #957 ), #958, .T. ) ;
#277 = ORIENTED_EDGE ( 'NONE', *, *, #102, .T. ) ;
#278 = EDGE_CURVE ( 'NONE', #323, #1986, #971, .T. ) ;
#279 = ORIENTED_EDGE ( 'NONE', *, *, #246, .T. ) ;
#280 = ORIENTED_EDGE ( 'NONE', *, *, #1699, .F. ) ;
#281 = ORIENTED_EDGE ( 'NONE', *, *, #611, .T. ) ;
#282 = ORIENTED_EDGE ( 'NONE', *, *, #327, .F. ) ;
#283 = EDGE_CURVE ( 'NONE', #809, #610, #993, .T. ) ;
#284 = EDGE_CURVE ( 'NONE', #547, #2048, #997, .T. ) ;
#285 = VERTEX_POINT ( 'NONE', #1005 ) ;
#286 = EDGE_LOOP ( 'NONE', ( #396, #1663, #249, #320 ) ) ;
#287 = ORIENTED_EDGE ( 'NONE', *, *, #194, .F. ) ;
#288 = ADVANCED_FACE ( 'NONE', ( #1006 ), #1007, .T. ) ;
#289 = EDGE_CURVE ( 'NONE', #977, #410, #1014, .T. ) ;
#290 = ORIENTED_EDGE ( 'NONE', *, *, #174, .T. ) ;
#291 = VERTEX_POINT ( 'NONE', #1018 ) ;
#292 = ORIENTED_EDGE ( 'NONE', *, *, #2033, .T. ) ;
#293 = VERTEX_POINT ( 'NONE', #1023 ) ;
#294 = ADVANCED_FACE ( 'NONE', ( #1024 ), #1025, .T. ) ;
#295 = VERTEX_POINT ( 'NONE', #1032 ) ;
#296 = VERTEX_POINT ( 'NONE', #1033 ) ;
#297 = ORIENTED_EDGE ( 'NONE', *, *, #319, .T. ) ;
#298 = EDGE_CURVE ( 'NONE', #1295, #579, #1035, .T. ) ;
#299 = ORIENTED_EDGE ( 'NONE', *, *, #60, .T. ) ;
#300 = ORIENTED_EDGE ( 'NONE', *, *, #576, .F. ) ;
#301 = ORIENTED_EDGE ( 'NONE', *, *, #50, .F. ) ;
#302 = ORIENTED_EDGE ( 'NONE', *, *, #1988, .F. ) ;
#303 = ORIENTED_EDGE ( 'NONE', *, *, #471, .T. ) ;
#304 = ORIENTED_EDGE ( 'NONE', *, *, #563, .T. ) ;
#305 = ORIENTED_EDGE ( 'NONE', *, *, #389, .T. ) ;
#306 = ORIENTED_EDGE ( 'NONE', *, *, #429, .F. ) ;
#307 = ORIENTED_EDGE ( 'NONE', *, *, #447, .T. ) ;
#308 = ORIENTED_EDGE ( 'NONE', *, *, #1437, .F. ) ;
#309 = EDGE_CURVE ( 'NONE', #384, #227, #1044, .T. ) ;
#310 = ORIENTED_EDGE ( 'NONE', *, *, #335, .F. ) ;
#311 = EDGE_CURVE ( 'NONE', #113, #156, #1056, .T. ) ;
#312 = ADVANCED_FACE ( 'NONE', ( #1074 ), #1075, .F. ) ;
#313 = ORIENTED_EDGE ( 'NONE', *, *, #617, .F. ) ;
#314 = VERTEX_POINT ( 'NONE', #1085 ) ;
#315 = EDGE_LOOP ( 'NONE', ( #128, #162, #1121, #318 ) ) ;
#316 = VERTEX_POINT ( 'NONE', #1092 ) ;
#317 = VERTEX_POINT ( 'NONE', #1093 ) ;
#318 = ORIENTED_EDGE ( 'NONE', *, *, #365, .T. ) ;
#319 = EDGE_CURVE ( 'NONE', #605, #1386, #1098, .T. ) ;
#320 = ORIENTED_EDGE ( 'NONE', *, *, #595, .T. ) ;
#321 = ORIENTED_EDGE ( 'NONE', *, *, #383, .T. ) ;
#322 = VERTEX_POINT ( 'NONE', #1104 ) ;
#323 = VERTEX_POINT ( 'NONE', #1105 ) ;
#324 = EDGE_LOOP ( 'NONE', ( #166, #187, #891, #472, #530, #66, #62 ) ) ;
#325 = VERTEX_POINT ( 'NONE', #1106 ) ;
#326 = EDGE_CURVE ( 'NONE', #255, #113, #1107, .T. ) ;
#327 = EDGE_CURVE ( 'NONE', #926, #262, #1115, .T. ) ;
#328 = ADVANCED_FACE ( 'NONE', ( #1123 ), #1124, .T. ) ;
#329 = ADVANCED_FACE ( 'NONE', ( #1129 ), #1130, .T. ) ;
#330 = VERTEX_POINT ( 'NONE', #1135 ) ;
#331 = EDGE_LOOP ( 'NONE', ( #7, #52, #176, #771 ) ) ;
#332 = ORIENTED_EDGE ( 'NONE', *, *, #604, .F. ) ;
#333 = EDGE_CURVE ( 'NONE', #1295, #224, #1158, .T. ) ;
#334 = ORIENTED_EDGE ( 'NONE', *, *, #571, .F. ) ;
#335 = EDGE_CURVE ( 'NONE', #366, #1084, #1167, .T. ) ;
#336 = VERTEX_POINT ( 'NONE', #1177 ) ;
#337 = EDGE_CURVE ( 'NONE', #381, #223, #1178, .T. ) ;
#338 = EDGE_LOOP ( 'NONE', ( #300, #737, #76, #1030 ) ) ;
#339 = ORIENTED_EDGE ( 'NONE', *, *, #278, .F. ) ;
#340 = ORIENTED_EDGE ( 'NONE', *, *, #1988, .T. ) ;
#341 = VERTEX_POINT ( 'NONE', #1183 ) ;
#342 = EDGE_CURVE ( 'NONE', #620, #134, #1184, .T. ) ;
#343 = EDGE_CURVE ( 'NONE', #366, #34, #1189, .T. ) ;
#344 = ADVANCED_FACE ( 'NONE', ( #1204 ), #1205, .F. ) ;
#345 = ORIENTED_EDGE ( 'NONE', *, *, #1387, .T. ) ;
#346 = ADVANCED_FACE ( 'NONE', ( #1210 ), #1211, .T. ) ;
#347 = ADVANCED_FACE ( 'NONE', ( #1216 ), #1217, .T. ) ;
#348 = VERTEX_POINT ( 'NONE', #1222 ) ;
#349 = ORIENTED_EDGE ( 'NONE', *, *, #608, .T. ) ;
#350 = ORIENTED_EDGE ( 'NONE', *, *, #602, .F. ) ;
#351 = ORIENTED_EDGE ( 'NONE', *, *, #358, .F. ) ;
#352 = EDGE_LOOP ( 'NONE', ( #339, #350, #650, #282, #107, #218, #369, #101, #236, #38 ) ) ;
#353 = ORIENTED_EDGE ( 'NONE', *, *, #1768, .T. ) ;
#354 = EDGE_CURVE ( 'NONE', #2046, #620, #1224, .T. ) ;
#355 = EDGE_CURVE ( 'NONE', #1190, #232, #1234, .T. ) ;
#356 = VERTEX_POINT ( 'NONE', #1238 ) ;
#357 = ORIENTED_EDGE ( 'NONE', *, *, #2006, .T. ) ;
#358 = EDGE_CURVE ( 'NONE', #295, #212, #1239, .T. ) ;
#359 = ORIENTED_EDGE ( 'NONE', *, *, #398, .F. ) ;
#360 = ADVANCED_FACE ( 'NONE', ( #1245 ), #1246, .F. ) ;
#361 = ADVANCED_FACE ( 'NONE', ( #1255 ), #1256, .T. ) ;
#362 = ORIENTED_EDGE ( 'NONE', *, *, #242, .F. ) ;
#363 = ORIENTED_EDGE ( 'NONE', *, *, #1767, .T. ) ;
#364 = ORIENTED_EDGE ( 'NONE', *, *, #719, .T. ) ;
#365 = EDGE_CURVE ( 'NONE', #1787, #549, #1273, .T. ) ;
#366 = VERTEX_POINT ( 'NONE', #1284 ) ;
#367 = ORIENTED_EDGE ( 'NONE', *, *, #167, .F. ) ;
#368 = ORIENTED_EDGE ( 'NONE', *, *, #593, .F. ) ;
#369 = ORIENTED_EDGE ( 'NONE', *, *, #2042, .F. ) ;
#370 = ORIENTED_EDGE ( 'NONE', *, *, #12, .F. ) ;
#371 = ORIENTED_EDGE ( 'NONE', *, *, #354, .F. ) ;
#372 = ORIENTED_EDGE ( 'NONE', *, *, #402, .T. ) ;
#373 = ORIENTED_EDGE ( 'NONE', *, *, #16, .F. ) ;
#374 = ORIENTED_EDGE ( 'NONE', *, *, #1788, .T. ) ;
#375 = ORIENTED_EDGE ( 'NONE', *, *, #49, .F. ) ;
#376 = VERTEX_POINT ( 'NONE', #1286 ) ;
#377 = ORIENTED_EDGE ( 'NONE', *, *, #151, .F. ) ;
#378 = ORIENTED_EDGE ( 'NONE', *, *, #64, .F. ) ;
#379 = ORIENTED_EDGE ( 'NONE', *, *, #393, .T. ) ;
#380 = EDGE_CURVE ( 'NONE', #547, #1646, #1292, .T. ) ;
#381 = VERTEX_POINT ( 'NONE', #1298 ) ;
#382 = VERTEX_POINT ( 'NONE', #1299 ) ;
#383 = EDGE_CURVE ( 'NONE', #13, #34, #1300, .T. ) ;
#384 = VERTEX_POINT ( 'NONE', #1304 ) ;
#385 = EDGE_LOOP ( 'NONE', ( #596, #235, #1011, #209 ) ) ;
#386 = ORIENTED_EDGE ( 'NONE', *, *, #409, .F. ) ;
#387 = ORIENTED_EDGE ( 'NONE', *, *, #139, .F. ) ;
#388 = VERTEX_POINT ( 'NONE', #1311 ) ;
#389 = EDGE_CURVE ( 'NONE', #13, #325, #1318, .T. ) ;
#390 = EDGE_LOOP ( 'NONE', ( #84, #457, #451, #171 ) ) ;
#391 = ORIENTED_EDGE ( 'NONE', *, *, #2027, .T. ) ;
#392 = ORIENTED_EDGE ( 'NONE', *, *, #182, .F. ) ;
#393 = EDGE_CURVE ( 'NONE', #376, #926, #1322, .T. ) ;
#394 = ORIENTED_EDGE ( 'NONE', *, *, #485, .F. ) ;
#395 = EDGE_CURVE ( 'NONE', #348, #1386, #1326, .T. ) ;
#396 = ORIENTED_EDGE ( 'NONE', *, *, #264, .T. ) ;
#397 = ORIENTED_EDGE ( 'NONE', *, *, #1455, .T. ) ;
#398 = EDGE_CURVE ( 'NONE', #465, #268, #1330, .T. ) ;
#399 = EDGE_CURVE ( 'NONE', #212, #356, #1334, .T. ) ;
#400 = EDGE_CURVE ( 'NONE', #610, #1787, #1342, .T. ) ;
#401 = EDGE_LOOP ( 'NONE', ( #1277, #418, #489, #211 ) ) ;
#402 = EDGE_CURVE ( 'NONE', #293, #518, #1354, .T. ) ;
#403 = EDGE_LOOP ( 'NONE', ( #152, #184, #500, #407 ) ) ;
#404 = ORIENTED_EDGE ( 'NONE', *, *, #602, .T. ) ;
#405 = VERTEX_POINT ( 'NONE', #1359 ) ;
#406 = EDGE_LOOP ( 'NONE', ( #1889, #1576, #411, #367, #195, #510, #2021, #585, #432, #271 ) ) ;
#407 = ORIENTED_EDGE ( 'NONE', *, *, #563, .F. ) ;
#408 = ORIENTED_EDGE ( 'NONE', *, *, #485, .T. ) ;
#409 = EDGE_CURVE ( 'NONE', #2049, #579, #1384, .T. ) ;
#410 = VERTEX_POINT ( 'NONE', #1391 ) ;
#411 = ORIENTED_EDGE ( 'NONE', *, *, #337, .F. ) ;
#412 = EDGE_LOOP ( 'NONE', ( #461, #537, #2031, #507 ) ) ;
#413 = ORIENTED_EDGE ( 'NONE', *, *, #429, .T. ) ;
#414 = ORIENTED_EDGE ( 'NONE', *, *, #289, .F. ) ;
#415 = EDGE_CURVE ( 'NONE', #612, #388, #1398, .T. ) ;
#416 = EDGE_LOOP ( 'NONE', ( #391, #2, #146, #313 ) ) ;
#417 = EDGE_CURVE ( 'NONE', #545, #45, #1412, .T. ) ;
#418 = ORIENTED_EDGE ( 'NONE', *, *, #393, .F. ) ;
#419 = ORIENTED_EDGE ( 'NONE', *, *, #463, .F. ) ;
#420 = ORIENTED_EDGE ( 'NONE', *, *, #256, .T. ) ;
#421 = ORIENTED_EDGE ( 'NONE', *, *, #273, .T. ) ;
#422 = ORIENTED_EDGE ( 'NONE', *, *, #513, .T. ) ;
#423 = ORIENTED_EDGE ( 'NONE', *, *, #71, .T. ) ;
#424 = ORIENTED_EDGE ( 'NONE', *, *, #1455, .F. ) ;
#425 = EDGE_CURVE ( 'NONE', #547, #561, #1441, .T. ) ;
#426 = ORIENTED_EDGE ( 'NONE', *, *, #123, .T. ) ;
#427 = EDGE_CURVE ( 'NONE', #144, #296, #1446, .T. ) ;
#428 = ORIENTED_EDGE ( 'NONE', *, *, #527, .T. ) ;
#429 = EDGE_CURVE ( 'NONE', #11, #325, #1450, .T. ) ;
#430 = MANIFOLD_SOLID_BREP ( 'NONE', #454 ) ;
#431 = EDGE_CURVE ( 'NONE', #1190, #295, #1475, .T. ) ;
#432 = ORIENTED_EDGE ( 'NONE', *, *, #478, .F. ) ;
#433 = EDGE_LOOP ( 'NONE', ( #607, #31, #462, #541 ) ) ;
#434 = ADVANCED_FACE ( 'NONE', ( #1479 ), #1480, .F. ) ;
#435 = ORIENTED_EDGE ( 'NONE', *, *, #417, .F. ) ;
#436 = ORIENTED_EDGE ( 'NONE', *, *, #593, .T. ) ;
#437 = ADVANCED_FACE ( 'NONE', ( #1485 ), #1486, .F. ) ;
#438 = EDGE_CURVE ( 'NONE', #336, #233, #1491, .T. ) ;
#439 = EDGE_LOOP ( 'NONE', ( #126, #304, #287, #258, #19, #474, #4, #578, #191, #2028, #517, #8 ) ) ;
#440 = ORIENTED_EDGE ( 'NONE', *, *, #395, .T. ) ;
#441 = ORIENTED_EDGE ( 'NONE', *, *, #75, .T. ) ;
#442 = EDGE_LOOP ( 'NONE', ( #250, #428, #467, #424 ) ) ;
#443 = EDGE_LOOP ( 'NONE', ( #149, #420, #1822, #616 ) ) ;
#444 = ORIENTED_EDGE ( 'NONE', *, *, #2029, .F. ) ;
#445 = ADVANCED_FACE ( 'NONE', ( #1510 ), #1511, .T. ) ;
#446 = ADVANCED_FACE ( 'NONE', ( #1520 ), #1521, .F. ) ;
#447 = EDGE_CURVE ( 'NONE', #296, #255, #1526, .T. ) ;
#448 = ORIENTED_EDGE ( 'NONE', *, *, #133, .T. ) ;
#449 = EDGE_LOOP ( 'NONE', ( #498, #372, #2044, #394, #30, #136, #550, #68, #368, #614, #623, #54 ) ) ;
#450 = ADVANCED_FACE ( 'NONE', ( #1530 ), #1531, .F. ) ;
#451 = ORIENTED_EDGE ( 'NONE', *, *, #544, .F. ) ;
#452 = VERTEX_POINT ( 'NONE', #1536 ) ;
#453 = ORIENTED_EDGE ( 'NONE', *, *, #542, .F. ) ;
#454 = CLOSED_SHELL ( 'NONE', ( #346, #2007, #142, #468, #240, #347, #594, #437, #1750, #10, #328, #521, #978, #189, #1314, #1786, #201, #567, #150, #450, #572, #344, #684, #1698, #446, #73, #312, #509, #238, #288, #434, #483, #148, #1645, #496, #100, #361, #138, #294, #1936, #512, #600, #276, #83, #808, #621, #33, #603, #445, #631, #583, #329, #360, #1315, #927, #155, #28, #597, #143, #210, #495, #89 ) ) ;
#455 = EDGE_CURVE ( 'NONE', #552, #1240, #1542, .T. ) ;
#456 = ORIENTED_EDGE ( 'NONE', *, *, #505, .F. ) ;
#457 = ORIENTED_EDGE ( 'NONE', *, *, #478, .T. ) ;
#458 = ORIENTED_EDGE ( 'NONE', *, *, #57, .T. ) ;
#459 = VERTEX_POINT ( 'NONE', #1563 ) ;
#460 = EDGE_CURVE ( 'NONE', #132, #51, #1574, .T. ) ;
#461 = ORIENTED_EDGE ( 'NONE', *, *, #1241, .T. ) ;
#462 = ORIENTED_EDGE ( 'NONE', *, *, #259, .F. ) ;
#463 = EDGE_CURVE ( 'NONE', #53, #504, #1580, .T. ) ;
#464 = ORIENTED_EDGE ( 'NONE', *, *, #309, .T. ) ;
#465 = VERTEX_POINT ( 'NONE', #1584 ) ;
#466 = ORIENTED_EDGE ( 'NONE', *, *, #484, .F. ) ;
#467 = ORIENTED_EDGE ( 'NONE', *, *, #470, .F. ) ;
#468 = ADVANCED_FACE ( 'NONE', ( #1585 ), #1586, .T. ) ;
#469 = ORIENTED_EDGE ( 'NONE', *, *, #438, .F. ) ;
#470 = EDGE_CURVE ( 'NONE', #104, #322, #1603, .T. ) ;
#471 = EDGE_CURVE ( 'NONE', #1048, #156, #1607, .T. ) ;
#472 = ORIENTED_EDGE ( 'NONE', *, *, #576, .T. ) ;
#473 = EDGE_CURVE ( 'NONE', #487, #574, #1611, .T. ) ;
#474 = ORIENTED_EDGE ( 'NONE', *, *, #355, .F. ) ;
#475 = ORIENTED_EDGE ( 'NONE', *, *, #1626, .T. ) ;
#476 = ORIENTED_EDGE ( 'NONE', *, *, #140, .T. ) ;
#477 = VERTEX_POINT ( 'NONE', #1615 ) ;
#478 = EDGE_CURVE ( 'NONE', #516, #809, #1622, .T. ) ;
#479 = ORIENTED_EDGE ( 'NONE', *, *, #395, .F. ) ;
#480 = ORIENTED_EDGE ( 'NONE', *, *, #1768, .F. ) ;
#481 = ORIENTED_EDGE ( 'NONE', *, *, #182, .T. ) ;
#482 = ORIENTED_EDGE ( 'NONE', *, *, #538, .F. ) ;
#483 = ADVANCED_FACE ( 'NONE', ( #1643 ), #1644, .F. ) ;
#484 = EDGE_CURVE ( 'NONE', #381, #186, #1656, .T. ) ;
#485 = EDGE_CURVE ( 'NONE', #237, #285, #1660, .T. ) ;
#486 = ORIENTED_EDGE ( 'NONE', *, *, #102, .F. ) ;
#487 = VERTEX_POINT ( 'NONE', #1665 ) ;
#488 = ORIENTED_EDGE ( 'NONE', *, *, #205, .T. ) ;
#489 = ORIENTED_EDGE ( 'NONE', *, *, #1404, .T. ) ;
#490 = ORIENTED_EDGE ( 'NONE', *, *, #383, .F. ) ;
#491 = ORIENTED_EDGE ( 'NONE', *, *, #207, .T. ) ;
#492 = EDGE_CURVE ( 'NONE', #317, #960, #1678, .T. ) ;
#493 = ORIENTED_EDGE ( 'NONE', *, *, #556, .F. ) ;
#494 = ORIENTED_EDGE ( 'NONE', *, *, #2036, .T. ) ;
#495 = ADVANCED_FACE ( 'NONE', ( #1683 ), #1684, .T. ) ;
#496 = ADVANCED_FACE ( 'NONE', ( #1689 ), #1690, .F. ) ;
#497 = ORIENTED_EDGE ( 'NONE', *, *, #513, .F. ) ;
#498 = ORIENTED_EDGE ( 'NONE', *, *, #114, .T. ) ;
#499 = ORIENTED_EDGE ( 'NONE', *, *, #908, .T. ) ;
#500 = ORIENTED_EDGE ( 'NONE', *, *, #438, .T. ) ;
#501 = VERTEX_POINT ( 'NONE', #1695 ) ;
#502 = ORIENTED_EDGE ( 'NONE', *, *, #524, .T. ) ;
#503 = ORIENTED_EDGE ( 'NONE', *, *, #532, .T. ) ;
#504 = VERTEX_POINT ( 'NONE', #1703 ) ;
#505 = EDGE_CURVE ( 'NONE', #549, #632, #1704, .T. ) ;
#506 = ORIENTED_EDGE ( 'NONE', *, *, #123, .F. ) ;
#507 = ORIENTED_EDGE ( 'NONE', *, *, #274, .F. ) ;
#508 = EDGE_CURVE ( 'NONE', #551, #1084, #1708, .T. ) ;
#509 = ADVANCED_FACE ( 'NONE', ( #1712 ), #1713, .F. ) ;
#510 = ORIENTED_EDGE ( 'NONE', *, *, #531, .F. ) ;
#511 = ORIENTED_EDGE ( 'NONE', *, *, #544, .T. ) ;
#512 = ADVANCED_FACE ( 'NONE', ( #1719 ), #1720, .T. ) ;
#513 = EDGE_CURVE ( 'NONE', #520, #2038, #1731, .T. ) ;
#514 = ORIENTED_EDGE ( 'NONE', *, *, #571, .T. ) ;
#515 = ORIENTED_EDGE ( 'NONE', *, *, #484, .T. ) ;
#516 = VERTEX_POINT ( 'NONE', #1736 ) ;
#517 = ORIENTED_EDGE ( 'NONE', *, *, #527, .F. ) ;
#518 = VERTEX_POINT ( 'NONE', #1741 ) ;
#519 = EDGE_CURVE ( 'NONE', #285, #518, #1742, .T. ) ;
#520 = VERTEX_POINT ( 'NONE', #1746 ) ;
#521 = ADVANCED_FACE ( 'NONE', ( #1747 ), #1748, .F. ) ;
#522 = ORIENTED_EDGE ( 'NONE', *, *, #157, .T. ) ;
#523 = EDGE_LOOP ( 'NONE', ( #488, #297, #340, #308 ) ) ;
#524 = EDGE_CURVE ( 'NONE', #405, #241, #1759, .T. ) ;
#525 = ORIENTED_EDGE ( 'NONE', *, *, #60, .F. ) ;
#526 = ORIENTED_EDGE ( 'NONE', *, *, #170, .F. ) ;
#527 = EDGE_CURVE ( 'NONE', #570, #322, #1774, .T. ) ;
#528 = VERTEX_POINT ( 'NONE', #1778 ) ;
#529 = VERTEX_POINT ( 'NONE', #1790 ) ;
#530 = ORIENTED_EDGE ( 'NONE', *, *, #355, .T. ) ;
#531 = EDGE_CURVE ( 'NONE', #1787, #116, #1797, .T. ) ;
#532 = EDGE_CURVE ( 'NONE', #34, #204, #1801, .T. ) ;
#533 = ORIENTED_EDGE ( 'NONE', *, *, #1805, .T. ) ;
#534 = ORIENTED_EDGE ( 'NONE', *, *, #558, .F. ) ;
#535 = EDGE_LOOP ( 'NONE', ( #277, #5, #440, #1508 ) ) ;
#536 = ORIENTED_EDGE ( 'NONE', *, *, #16, .T. ) ;
#537 = ORIENTED_EDGE ( 'NONE', *, *, #617, .T. ) ;
#538 = EDGE_CURVE ( 'NONE', #477, #520, #1811, .T. ) ;
#539 = EDGE_LOOP ( 'NONE', ( #169, #115, #270, #307 ) ) ;
#540 = EDGE_LOOP ( 'NONE', ( #494, #404, #79, #718, #292, #18, #363 ) ) ;
#541 = ORIENTED_EDGE ( 'NONE', *, *, #354, .T. ) ;
#542 = EDGE_CURVE ( 'NONE', #1084, #295, #1815, .T. ) ;
#543 = EDGE_CURVE ( 'NONE', #579, #330, #1819, .T. ) ;
#544 = EDGE_CURVE ( 'NONE', #317, #809, #1825, .T. ) ;
#545 = VERTEX_POINT ( 'NONE', #1829 ) ;
#546 = ORIENTED_EDGE ( 'NONE', *, *, #589, .T. ) ;
#547 = VERTEX_POINT ( 'NONE', #1830 ) ;
#548 = EDGE_LOOP ( 'NONE', ( #29, #553, #581, #129 ) ) ;
#549 = VERTEX_POINT ( 'NONE', #1838 ) ;
#550 = ORIENTED_EDGE ( 'NONE', *, *, #20, .F. ) ;
#551 = VERTEX_POINT ( 'NONE', #628 ) ;
#552 = VERTEX_POINT ( 'NONE', #629 ) ;
#553 = ORIENTED_EDGE ( 'NONE', *, *, #245, .F. ) ;
#554 = ORIENTED_EDGE ( 'NONE', *, *, #337, .T. ) ;
#555 = EDGE_LOOP ( 'NONE', ( #480, #364, #72, #120 ) ) ;
#556 = EDGE_CURVE ( 'NONE', #529, #388, #630, .T. ) ;
#557 = ORIENTED_EDGE ( 'NONE', *, *, #266, .F. ) ;
#558 = EDGE_CURVE ( 'NONE', #116, #199, #636, .T. ) ;
#559 = ORIENTED_EDGE ( 'NONE', *, *, #573, .F. ) ;
#560 = EDGE_CURVE ( 'NONE', #977, #232, #640, .T. ) ;
#561 = VERTEX_POINT ( 'NONE', #644 ) ;
#562 = ORIENTED_EDGE ( 'NONE', *, *, #613, .T. ) ;
#563 = EDGE_CURVE ( 'NONE', #518, #233, #645, .T. ) ;
#564 = VERTEX_POINT ( 'NONE', #652 ) ;
#565 = ORIENTED_EDGE ( 'NONE', *, *, #1241, .F. ) ;
#566 = EDGE_LOOP ( 'NONE', ( #345, #422, #357, #1351 ) ) ;
#567 = ADVANCED_FACE ( 'NONE', ( #664 ), #665, .T. ) ;
#568 = VERTEX_POINT ( 'NONE', #670 ) ;
#569 = ORIENTED_EDGE ( 'NONE', *, *, #471, .F. ) ;
#570 = VERTEX_POINT ( 'NONE', #672 ) ;
#571 = EDGE_CURVE ( 'NONE', #552, #788, #677, .T. ) ;
#572 = ADVANCED_FACE ( 'NONE', ( #687 ), #688, .F. ) ;
#573 = EDGE_CURVE ( 'NONE', #487, #296, #697, .T. ) ;
#574 = VERTEX_POINT ( 'NONE', #701 ) ;
#575 = ORIENTED_EDGE ( 'NONE', *, *, #1456, .T. ) ;
#576 = EDGE_CURVE ( 'NONE', #551, #1190, #712, .T. ) ;
#577 = EDGE_LOOP ( 'NONE', ( #842, #197, #6, #359 ) ) ;
#578 = ORIENTED_EDGE ( 'NONE', *, *, #358, .T. ) ;
#579 = VERTEX_POINT ( 'NONE', #716 ) ;
#580 = EDGE_LOOP ( 'NONE', ( #95, #82, #110, #502 ) ) ;
#581 = ORIENTED_EDGE ( 'NONE', *, *, #409, .T. ) ;
#582 = EDGE_CURVE ( 'NONE', #1101, #788, #717, .T. ) ;
#583 = ADVANCED_FACE ( 'NONE', ( #730 ), #731, .F. ) ;
#584 = ORIENTED_EDGE ( 'NONE', *, *, #118, .F. ) ;
#585 = ORIENTED_EDGE ( 'NONE', *, *, #283, .F. ) ;
#586 = EDGE_CURVE ( 'NONE', #198, #545, #739, .T. ) ;
#587 = ORIENTED_EDGE ( 'NONE', *, *, #207, .F. ) ;
#588 = EDGE_LOOP ( 'NONE', ( #305, #362, #229, #490 ) ) ;
#589 = EDGE_CURVE ( 'NONE', #1101, #574, #743, .T. ) ;
#590 = ORIENTED_EDGE ( 'NONE', *, *, #274, .T. ) ;
#591 = EDGE_CURVE ( 'NONE', #620, #552, #747, .T. ) ;
#592 = ORIENTED_EDGE ( 'NONE', *, *, #380, .F. ) ;
#593 = EDGE_CURVE ( 'NONE', #125, #356, #751, .T. ) ;
#594 = ADVANCED_FACE ( 'NONE', ( #756 ), #757, .F. ) ;
#595 = EDGE_CURVE ( 'NONE', #217, #1276, #762, .T. ) ;
#596 = ORIENTED_EDGE ( 'NONE', *, *, #608, .F. ) ;
#597 = ADVANCED_FACE ( 'NONE', ( #773 ), #774, .F. ) ;
#598 = ORIENTED_EDGE ( 'NONE', *, *, #12, .T. ) ;
#599 = ORIENTED_EDGE ( 'NONE', *, *, #389, .F. ) ;
#600 = ADVANCED_FACE ( 'NONE', ( #798 ), #799, .F. ) ;
#601 = ORIENTED_EDGE ( 'NONE', *, *, #1987, .T. ) ;
#602 = EDGE_CURVE ( 'NONE', #222, #323, #805, .T. ) ;
#603 = ADVANCED_FACE ( 'NONE', ( #811 ), #812, .F. ) ;
#604 = EDGE_CURVE ( 'NONE', #529, #564, #817, .T. ) ;
#605 = VERTEX_POINT ( 'NONE', #828 ) ;
#606 = ORIENTED_EDGE ( 'NONE', *, *, #425, .F. ) ;
#607 = ORIENTED_EDGE ( 'NONE', *, *, #342, .T. ) ;
#608 = EDGE_CURVE ( 'NONE', #53, #217, #846, .T. ) ;
#609 = ORIENTED_EDGE ( 'NONE', *, *, #298, .F. ) ;
#610 = VERTEX_POINT ( 'NONE', #854 ) ;
#611 = EDGE_CURVE ( 'NONE', #615, #13, #876, .T. ) ;
#612 = VERTEX_POINT ( 'NONE', #881 ) ;
#613 = EDGE_CURVE ( 'NONE', #1716, #501, #886, .T. ) ;
#614 = ORIENTED_EDGE ( 'NONE', *, *, #44, .F. ) ;
#615 = VERTEX_POINT ( 'NONE', #899 ) ;
#616 = ORIENTED_EDGE ( 'NONE', *, *, #622, .F. ) ;
#617 = EDGE_CURVE ( 'NONE', #459, #545, #900, .T. ) ;
#618 = ORIENTED_EDGE ( 'NONE', *, *, #179, .F. ) ;
#619 = ORIENTED_EDGE ( 'NONE', *, *, #343, .F. ) ;
#620 = VERTEX_POINT ( 'NONE', #938 ) ;
#621 = ADVANCED_FACE ( 'NONE', ( #939 ), #940, .F. ) ;
#622 = EDGE_CURVE ( 'NONE', #323, #504, #949, .T. ) ;
#623 = ORIENTED_EDGE ( 'NONE', *, *, #560, .F. ) ;
#624 = LINE ( 'NONE', #625, #626 ) ;
#625 = CARTESIAN_POINT ( 'NONE',  ( 1.920000000000000200, 1.750000000000000000, 3.810000000000000100 ) ) ;
#626 = VECTOR ( 'NONE', #627, 1000.000000000000000 ) ;
#627 = DIRECTION ( 'NONE',  ( -1.000000000000000000, 0.0000000000000000000, 0.0000000000000000000 ) ) ;
#628 = CARTESIAN_POINT ( 'NONE',  ( 1.119999999999999900, 1.250000000000000000, 3.365014996781544800 ) ) ;
#629 = CARTESIAN_POINT ( 'NONE',  ( -1.020000000000000000, -0.8000000000000000400, -4.107920792079209300 ) ) ;
#630 = LINE ( 'NONE', #633, #634 ) ;
#631 = ADVANCED_FACE ( 'NONE', ( #964 ), #965, .F. ) ;
#632 = VERTEX_POINT ( 'NONE', #970 ) ;
#633 = CARTESIAN_POINT ( 'NONE',  ( 2.290000000000000000, 1.649999999999999900, -3.200000000000000200 ) ) ;
#634 = VECTOR ( 'NONE', #635, 1000.000000000000000 ) ;
#635 = DIRECTION ( 'NONE',  ( -1.000000000000000000, 0.0000000000000000000, 0.0000000000000000000 ) ) ;
#636 = LINE ( 'NONE', #637, #638 ) ;
#637 = CARTESIAN_POINT ( 'NONE',  ( -1.020000000000000000, -3.299999999999999800, 4.400000000000000400 ) ) ;
#638 = VECTOR ( 'NONE', #639, 1000.000000000000000 ) ;
#639 = DIRECTION ( 'NONE',  ( 0.0000000000000000000, 0.0000000000000000000, -1.000000000000000000 ) ) ;
#640 = LINE ( 'NONE', #641, #642 ) ;
#641 = CARTESIAN_POINT ( 'NONE',  ( 2.290000000000000000, 1.649999999999999900, 3.200000000000000200 ) ) ;
#642 = VECTOR ( 'NONE', #643, 1000.000000000000000 ) ;
#643 = DIRECTION ( 'NONE',  ( -1.000000000000000000, 0.0000000000000000000, 0.0000000000000000000 ) ) ;
#644 = CARTESIAN_POINT ( 'NONE',  ( 1.920000000000000200, -0.8000000000000000400, 4.107920792079209300 ) ) ;
#645 = LINE ( 'NONE', #646, #647 ) ;
#646 = CARTESIAN_POINT ( 'NONE',  ( -1.721217838173415100, -0.8864609919293630100, 2.892550182796440200 ) ) ;
#647 = VECTOR ( 'NONE', #648, 1000.000000000000000 ) ;
#648 = DIRECTION ( 'NONE',  ( 0.2172939610688785500, -0.9690136101720281400, -0.1174561951723678300 ) ) ;
#649 = ORIENTED_EDGE ( 'NONE', *, *, #925, .F. ) ;
#650 = ORIENTED_EDGE ( 'NONE', *, *, #1259, .T. ) ;
#651 = EDGE_CURVE ( 'NONE', #45, #144, #983, .T. ) ;
#652 = CARTESIAN_POINT ( 'NONE',  ( 0.6200000000000000000, 1.250000000000000000, -3.151515151515150000 ) ) ;
#653 = FACE_OUTER_BOUND ( 'NONE', #74, .T. ) ;
#654 = PLANE ( 'NONE',  #655 ) ;
#655 = AXIS2_PLACEMENT_3D ( 'NONE', #656, #657, #658 ) ;
#656 = CARTESIAN_POINT ( 'NONE',  ( -1.920000000000000200, 1.250000000000000000, 3.151515151515150000 ) ) ;
#657 = DIRECTION ( 'NONE',  ( 1.000000000000000000, 0.0000000000000000000, 0.0000000000000000000 ) ) ;
#658 = DIRECTION ( 'NONE',  ( 0.0000000000000000000, 0.0000000000000000000, 1.000000000000000000 ) ) ;
#659 = CARTESIAN_POINT ( 'NONE',  ( 0.6200000000000000000, 1.750000000000000000, 3.810000000000000100 ) ) ;
#660 = LINE ( 'NONE', #661, #662 ) ;
#661 = CARTESIAN_POINT ( 'NONE',  ( 0.6200000000000000000, 3.649999999999999900, -2.899999999999999900 ) ) ;
#662 = VECTOR ( 'NONE', #663, 1000.000000000000000 ) ;
#663 = DIRECTION ( 'NONE',  ( 0.0000000000000000000, -0.9889363528682975100, -0.1483404529302449200 ) ) ;
#664 = FACE_OUTER_BOUND ( 'NONE', #1012, .T. ) ;
#665 = PLANE ( 'NONE',  #666 ) ;
#666 = AXIS2_PLACEMENT_3D ( 'NONE', #667, #668, #669 ) ;
#667 = CARTESIAN_POINT ( 'NONE',  ( 0.6200000000000000000, 1.250000000000000000, 3.151515151515150000 ) ) ;
#668 = DIRECTION ( 'NONE',  ( -1.000000000000000000, 0.0000000000000000000, 0.0000000000000000000 ) ) ;
#669 = DIRECTION ( 'NONE',  ( 0.0000000000000000000, 0.0000000000000000000, 1.000000000000000000 ) ) ;
#670 = CARTESIAN_POINT ( 'NONE',  ( 1.920000000000000200, -9.387192924095540700E-017, -3.000000000000000000 ) ) ;
#671 = CARTESIAN_POINT ( 'NONE',  ( 1.020000000000000000, -0.8000000000000000400, 4.107920792079209300 ) ) ;
#672 = CARTESIAN_POINT ( 'NONE',  ( -1.119999999999999900, 1.250000000000000000, 3.151515151515150000 ) ) ;
#673 = LINE ( 'NONE', #674, #675 ) ;
#674 = CARTESIAN_POINT ( 'NONE',  ( -1.119999999999999900, 1.649999999999999900, -3.200000000000000200 ) ) ;
#675 = VECTOR ( 'NONE', #676, 1000.000000000000000 ) ;
#676 = DIRECTION ( 'NONE',  ( 0.0000000000000000000, -0.9889363528682975100, -0.1483404529302449200 ) ) ;
#677 = LINE ( 'NONE', #678, #679 ) ;
#678 = CARTESIAN_POINT ( 'NONE',  ( -1.920000000000000200, -0.8000000000000000400, -4.107920792079209300 ) ) ;
#679 = VECTOR ( 'NONE', #680, 1000.000000000000000 ) ;
#680 = DIRECTION ( 'NONE',  ( 1.000000000000000000, -5.421010862427530100E-016, -6.333458235311359300E-017 ) ) ;
#681 = LINE ( 'NONE', #682, #683 ) ;
#682 = CARTESIAN_POINT ( 'NONE',  ( 2.290000000000000000, 1.649999999999999900, 3.200000000000000200 ) ) ;
#683 = VECTOR ( 'NONE', #686, 1000.000000000000000 ) ;
#684 = ADVANCED_FACE ( 'NONE', ( #987 ), #988, .F. ) ;
#685 = ORIENTED_EDGE ( 'NONE', *, *, #153, .F. ) ;
#686 = DIRECTION ( 'NONE',  ( -1.000000000000000000, 0.0000000000000000000, 0.0000000000000000000 ) ) ;
#687 = FACE_OUTER_BOUND ( 'NONE', #141, .T. ) ;
#688 = PLANE ( 'NONE',  #689 ) ;
#689 = AXIS2_PLACEMENT_3D ( 'NONE', #690, #691, #692 ) ;
#690 = CARTESIAN_POINT ( 'NONE',  ( 2.290000000000000000, 3.649999999999999900, 2.600000000000000100 ) ) ;
#691 = DIRECTION ( 'NONE',  ( 0.0000000000000000000, -1.000000000000000000, 0.0000000000000000000 ) ) ;
#692 = DIRECTION ( 'NONE',  ( 0.0000000000000000000, 0.0000000000000000000, -1.000000000000000000 ) ) ;
#693 = LINE ( 'NONE', #694, #695 ) ;
#694 = CARTESIAN_POINT ( 'NONE',  ( 1.920000000000000200, 1.250000000000000000, -3.151515151515150000 ) ) ;
#695 = VECTOR ( 'NONE', #696, 1000.000000000000000 ) ;
#696 = DIRECTION ( 'NONE',  ( -1.000000000000000000, 0.0000000000000000000, 0.0000000000000000000 ) ) ;
#697 = LINE ( 'NONE', #698, #699 ) ;
#698 = CARTESIAN_POINT ( 'NONE',  ( -1.119999999999999900, 1.250000000000000000, -3.365014996781544800 ) ) ;
#699 = VECTOR ( 'NONE', #700, 1000.000000000000000 ) ;
#700 = DIRECTION ( 'NONE',  ( 0.0000000000000000000, -0.9932442608356220100, -0.1160423987906961900 ) ) ;
#701 = CARTESIAN_POINT ( 'NONE',  ( -0.6200000000000000000, 1.250000000000000000, -3.365014996781544800 ) ) ;
#702 = LINE ( 'NONE', #703, #704 ) ;
#703 = CARTESIAN_POINT ( 'NONE',  ( 1.920000000000000200, -3.299999999999999800, 4.400000000000000400 ) ) ;
#704 = VECTOR ( 'NONE', #705, 1000.000000000000000 ) ;
#705 = DIRECTION ( 'NONE',  ( -1.000000000000000000, 0.0000000000000000000, 0.0000000000000000000 ) ) ;
#706 = FACE_OUTER_BOUND ( 'NONE', #385, .T. ) ;
#707 = PLANE ( 'NONE',  #708 ) ;
#708 = AXIS2_PLACEMENT_3D ( 'NONE', #709, #710, #711 ) ;
#709 = CARTESIAN_POINT ( 'NONE',  ( 1.920000000000000200, 1.250000000000000000, -3.151515151515150000 ) ) ;
#710 = DIRECTION ( 'NONE',  ( -1.000000000000000000, 0.0000000000000000000, 0.0000000000000000000 ) ) ;
#711 = DIRECTION ( 'NONE',  ( 0.0000000000000000000, 0.0000000000000000000, -1.000000000000000000 ) ) ;
#712 = LINE ( 'NONE', #713, #714 ) ;
#713 = CARTESIAN_POINT ( 'NONE',  ( 1.119999999999999900, 1.250000000000000000, 3.151515151515150000 ) ) ;
#714 = VECTOR ( 'NONE', #715, 1000.000000000000000 ) ;
#715 = DIRECTION ( 'NONE',  ( 0.0000000000000000000, 0.0000000000000000000, -1.000000000000000000 ) ) ;
#716 = CARTESIAN_POINT ( 'NONE',  ( 1.020000000000000000, -3.299999999999999800, -4.400000000000000400 ) ) ;
#717 = LINE ( 'NONE', #721, #722 ) ;
#718 = ORIENTED_EDGE ( 'NONE', *, *, #64, .T. ) ;
#719 = EDGE_CURVE ( 'NONE', #51, #487, #1019, .T. ) ;
#720 = ORIENTED_EDGE ( 'NONE', *, *, #791, .T. ) ;
#721 = CARTESIAN_POINT ( 'NONE',  ( -0.6200000000000000000, -0.8000000000000000400, -3.151515151515150000 ) ) ;
#722 = VECTOR ( 'NONE', #723, 1000.000000000000000 ) ;
#723 = DIRECTION ( 'NONE',  ( 0.0000000000000000000, 0.0000000000000000000, -1.000000000000000000 ) ) ;
#724 = FACE_OUTER_BOUND ( 'NONE', #352, .T. ) ;
#725 = PLANE ( 'NONE',  #726 ) ;
#726 = AXIS2_PLACEMENT_3D ( 'NONE', #727, #728, #729 ) ;
#727 = CARTESIAN_POINT ( 'NONE',  ( 1.920000000000000200, 1.250000000000000000, -3.365014996781544800 ) ) ;
#728 = DIRECTION ( 'NONE',  ( 0.0000000000000000000, -0.1160423987906961900, 0.9932442608356220100 ) ) ;
#729 = DIRECTION ( 'NONE',  ( 0.0000000000000000000, -0.9932442608356220100, -0.1160423987906961900 ) ) ;
#730 = FACE_OUTER_BOUND ( 'NONE', #401, .T. ) ;
#731 = PLANE ( 'NONE',  #732 ) ;
#732 = AXIS2_PLACEMENT_3D ( 'NONE', #733, #734, #735 ) ;
#733 = CARTESIAN_POINT ( 'NONE',  ( 0.6200000000000000000, -0.8000000000000000400, -4.400000000000000400 ) ) ;
#734 = DIRECTION ( 'NONE',  ( -5.421010862427530100E-016, 1.000000000000000000, 0.0000000000000000000 ) ) ;
#735 = DIRECTION ( 'NONE',  ( -1.000000000000000000, -5.421010862427530100E-016, 0.0000000000000000000 ) ) ;
#736 = CARTESIAN_POINT ( 'NONE',  ( 1.020000000000000000, -0.8000000000000000400, 3.604519947276595200 ) ) ;
#737 = ORIENTED_EDGE ( 'NONE', *, *, #508, .T. ) ;
#738 = CARTESIAN_POINT ( 'NONE',  ( 1.520000000000000000, -3.299999999999999800, 4.400000000000000400 ) ) ;
#739 = LINE ( 'NONE', #740, #741 ) ;
#740 = CARTESIAN_POINT ( 'NONE',  ( -1.520000000000000000, 1.250000000000000000, -3.365014996781544800 ) ) ;
#741 = VECTOR ( 'NONE', #742, 1000.000000000000000 ) ;
#742 = DIRECTION ( 'NONE',  ( 1.723004136650784900E-016, 0.9932442608356220100, 0.1160423987906961900 ) ) ;
#743 = LINE ( 'NONE', #744, #745 ) ;
#744 = CARTESIAN_POINT ( 'NONE',  ( -0.6200000000000000000, 1.250000000000000000, -3.365014996781544800 ) ) ;
#745 = VECTOR ( 'NONE', #746, 1000.000000000000000 ) ;
#746 = DIRECTION ( 'NONE',  ( 0.0000000000000000000, 0.9932442608356220100, 0.1160423987906961900 ) ) ;
#747 = LINE ( 'NONE', #748, #749 ) ;
#748 = CARTESIAN_POINT ( 'NONE',  ( -1.020000000000000000, 1.750000000000000000, -3.810000000000000100 ) ) ;
#749 = VECTOR ( 'NONE', #750, 1000.000000000000000 ) ;
#750 = DIRECTION ( 'NONE',  ( 8.615020683253919600E-017, 0.9932442608356220100, 0.1160423987906961900 ) ) ;
#751 = LINE ( 'NONE', #752, #753 ) ;
#752 = CARTESIAN_POINT ( 'NONE',  ( 1.920000000000000200, 1.750000000000000000, 3.169999999999999900 ) ) ;
#753 = VECTOR ( 'NONE', #755, 1000.000000000000000 ) ;
#754 = ORIENTED_EDGE ( 'NONE', *, *, #556, .T. ) ;
#755 = DIRECTION ( 'NONE',  ( -1.000000000000000000, 0.0000000000000000000, 0.0000000000000000000 ) ) ;
#756 = FACE_OUTER_BOUND ( 'NONE', #439, .T. ) ;
#757 = PLANE ( 'NONE',  #758 ) ;
#758 = AXIS2_PLACEMENT_3D ( 'NONE', #759, #760, #761 ) ;
#759 = CARTESIAN_POINT ( 'NONE',  ( 2.290000000000000000, 3.035892918740204500E-017, 3.000000000000000000 ) ) ;
#760 = DIRECTION ( 'NONE',  ( 0.0000000000000000000, 0.1203313675192382200, -0.9927337820337082100 ) ) ;
#761 = DIRECTION ( 'NONE',  ( 0.0000000000000000000, 0.9927337820337082100, 0.1203313675192382200 ) ) ;
#762 = LINE ( 'NONE', #763, #764 ) ;
#763 = CARTESIAN_POINT ( 'NONE',  ( 1.920000000000000200, -0.8000000000000000400, -4.400000000000000400 ) ) ;
#764 = VECTOR ( 'NONE', #765, 1000.000000000000000 ) ;
#765 = DIRECTION ( 'NONE',  ( 0.0000000000000000000, 0.0000000000000000000, 1.000000000000000000 ) ) ;
#766 = CARTESIAN_POINT ( 'NONE',  ( 1.520000000000000000, -3.299999999999999800, -3.896599155197384900 ) ) ;
#767 = LINE ( 'NONE', #768, #769 ) ;
#768 = CARTESIAN_POINT ( 'NONE',  ( 1.119999999999999900, 1.750000000000000000, 3.169999999999999900 ) ) ;
#769 = VECTOR ( 'NONE', #770, 1000.000000000000000 ) ;
#770 = DIRECTION ( 'NONE',  ( 0.0000000000000000000, 0.9578262852211533200, -0.2873478855663391100 ) ) ;
#771 = ORIENTED_EDGE ( 'NONE', *, *, #558, .T. ) ;
#772 = CARTESIAN_POINT ( 'NONE',  ( -1.920000000000000200, -0.8000000000000000400, -3.604519947276595200 ) ) ;
#773 = FACE_OUTER_BOUND ( 'NONE', #15, .T. ) ;
#774 = PLANE ( 'NONE',  #775 ) ;
#775 = AXIS2_PLACEMENT_3D ( 'NONE', #776, #777, #778 ) ;
#776 = CARTESIAN_POINT ( 'NONE',  ( -1.920000000000000200, 1.250000000000000000, -3.151515151515150000 ) ) ;
#777 = DIRECTION ( 'NONE',  ( 1.000000000000000000, 0.0000000000000000000, 0.0000000000000000000 ) ) ;
#778 = DIRECTION ( 'NONE',  ( 0.0000000000000000000, 0.0000000000000000000, -1.000000000000000000 ) ) ;
#779 = CARTESIAN_POINT ( 'NONE',  ( -1.990000000000000000, 3.649999999999999900, -2.899999999999999900 ) ) ;
#780 = LINE ( 'NONE', #781, #782 ) ;
#781 = CARTESIAN_POINT ( 'NONE',  ( 1.119999999999999900, 1.649999999999999900, -3.200000000000000200 ) ) ;
#782 = VECTOR ( 'NONE', #783, 1000.000000000000000 ) ;
#783 = DIRECTION ( 'NONE',  ( 0.0000000000000000000, -0.9889363528682975100, -0.1483404529302449200 ) ) ;
#784 = LINE ( 'NONE', #785, #786 ) ;
#785 = CARTESIAN_POINT ( 'NONE',  ( 1.937470166241290100, 0.07790749810305580600, 3.009443333103400100 ) ) ;
#786 = VECTOR ( 'NONE', #787, 1000.000000000000000 ) ;
#787 = DIRECTION ( 'NONE',  ( 0.2172939610688790500, 0.9690136101720280300, 0.1174561951723678100 ) ) ;
#788 = VERTEX_POINT ( 'NONE', #1039 ) ;
#789 = EDGE_CURVE ( 'NONE', #1047, #452, #1040, .T. ) ;
#790 = ORIENTED_EDGE ( 'NONE', *, *, #85, .F. ) ;
#791 = EDGE_CURVE ( 'NONE', #214, #376, #1060, .T. ) ;
#792 = LINE ( 'NONE', #793, #794 ) ;
#793 = CARTESIAN_POINT ( 'NONE',  ( 1.119999999999999900, 1.750000000000000000, 5.200000000000000200 ) ) ;
#794 = VECTOR ( 'NONE', #795, 1000.000000000000000 ) ;
#795 = DIRECTION ( 'NONE',  ( 0.0000000000000000000, 0.0000000000000000000, 1.000000000000000000 ) ) ;
#796 = CARTESIAN_POINT ( 'NONE',  ( 1.119999999999999900, 1.649999999999999900, 3.200000000000000200 ) ) ;
#797 = CARTESIAN_POINT ( 'NONE',  ( -1.119999999999999900, 1.250000000000000000, -3.151515151515154900 ) ) ;
#798 = FACE_OUTER_BOUND ( 'NONE', #131, .T. ) ;
#799 = PLANE ( 'NONE',  #800 ) ;
#800 = AXIS2_PLACEMENT_3D ( 'NONE', #801, #802, #803 ) ;
#801 = CARTESIAN_POINT ( 'NONE',  ( 1.920000000000000200, 1.250000000000000000, 3.151515151515150000 ) ) ;
#802 = DIRECTION ( 'NONE',  ( -1.000000000000000000, 0.0000000000000000000, 0.0000000000000000000 ) ) ;
#803 = DIRECTION ( 'NONE',  ( 0.0000000000000000000, 0.0000000000000000000, 1.000000000000000000 ) ) ;
#804 = CARTESIAN_POINT ( 'NONE',  ( -1.920000000000000200, 7.566936427883000000E-017, 3.000000000000000000 ) ) ;
#805 = LINE ( 'NONE', #806, #807 ) ;
#806 = CARTESIAN_POINT ( 'NONE',  ( 1.119999999999999900, 1.250000000000000000, -3.365014996781544800 ) ) ;
#807 = VECTOR ( 'NONE', #810, 1000.000000000000000 ) ;
#808 = ADVANCED_FACE ( 'NONE', ( #1064 ), #1065, .T. ) ;
#809 = VERTEX_POINT ( 'NONE', #1080 ) ;
#810 = DIRECTION ( 'NONE',  ( 0.0000000000000000000, -0.9932442608356220100, -0.1160423987906961900 ) ) ;
#811 = FACE_OUTER_BOUND ( 'NONE', #172, .T. ) ;
#812 = PLANE ( 'NONE',  #813 ) ;
#813 = AXIS2_PLACEMENT_3D ( 'NONE', #814, #815, #816 ) ;
#814 = CARTESIAN_POINT ( 'NONE',  ( -1.920000000000000200, 1.250000000000000000, -3.365014996781544800 ) ) ;
#815 = DIRECTION ( 'NONE',  ( 0.0000000000000000000, 0.1160423987906961900, -0.9932442608356220100 ) ) ;
#816 = DIRECTION ( 'NONE',  ( 0.0000000000000000000, 0.9932442608356220100, 0.1160423987906961900 ) ) ;
#817 = LINE ( 'NONE', #818, #819 ) ;
#818 = CARTESIAN_POINT ( 'NONE',  ( 0.6200000000000000000, 1.649999999999999900, -3.200000000000000200 ) ) ;
#819 = VECTOR ( 'NONE', #820, 999.9999999999998900 ) ;
#820 = DIRECTION ( 'NONE',  ( 0.0000000000000000000, -0.9927337820337083200, 0.1203313675192376300 ) ) ;
#821 = CARTESIAN_POINT ( 'NONE',  ( -1.119999999999999900, 1.750000000000000000, 3.169999999999999900 ) ) ;
#822 = FACE_OUTER_BOUND ( 'NONE', #124, .T. ) ;
#823 = PLANE ( 'NONE',  #824 ) ;
#824 = AXIS2_PLACEMENT_3D ( 'NONE', #825, #826, #827 ) ;
#825 = CARTESIAN_POINT ( 'NONE',  ( 1.920000000000000200, 1.250000000000000000, 3.365014996781544800 ) ) ;
#826 = DIRECTION ( 'NONE',  ( 0.0000000000000000000, 0.1160423987906961900, 0.9932442608356220100 ) ) ;
#827 = DIRECTION ( 'NONE',  ( 0.0000000000000000000, -0.9932442608356220100, 0.1160423987906961900 ) ) ;
#828 = CARTESIAN_POINT ( 'NONE',  ( 1.520000000000000000, -0.8000000000000000400, 4.107920792079209300 ) ) ;
#829 = LINE ( 'NONE', #830, #831 ) ;
#830 = CARTESIAN_POINT ( 'NONE',  ( 1.020000000000000000, 1.250000000000000000, -3.365014996781544800 ) ) ;
#831 = VECTOR ( 'NONE', #832, 1000.000000000000000 ) ;
#832 = DIRECTION ( 'NONE',  ( -8.615020683253919600E-017, 0.9932442608356220100, 0.1160423987906961900 ) ) ;
#833 = CARTESIAN_POINT ( 'NONE',  ( 1.920000000000000200, 5.373155120335829700E-016, -4.014455445544554900 ) ) ;
#834 = FACE_OUTER_BOUND ( 'NONE', #449, .T. ) ;
#835 = PLANE ( 'NONE',  #836 ) ;
#836 = AXIS2_PLACEMENT_3D ( 'NONE', #837, #838, #839 ) ;
#837 = CARTESIAN_POINT ( 'NONE',  ( 2.290000000000000000, 1.649999999999999900, 3.200000000000000200 ) ) ;
#838 = DIRECTION ( 'NONE',  ( 0.0000000000000000000, -0.2873478855663456600, -0.9578262852211513200 ) ) ;
#839 = DIRECTION ( 'NONE',  ( 0.0000000000000000000, 0.9578262852211513200, -0.2873478855663456600 ) ) ;
#840 = CARTESIAN_POINT ( 'NONE',  ( 1.520000000000000000, -0.8000000000000000400, -3.604519947276595200 ) ) ;
#841 = LINE ( 'NONE', #843, #844 ) ;
#842 = ORIENTED_EDGE ( 'NONE', *, *, #2033, .F. ) ;
#843 = CARTESIAN_POINT ( 'NONE',  ( 0.6200000000000000000, -0.8000000000000000400, 3.151515151515150000 ) ) ;
#844 = VECTOR ( 'NONE', #845, 1000.000000000000000 ) ;
#845 = DIRECTION ( 'NONE',  ( 0.0000000000000000000, 0.0000000000000000000, 1.000000000000000000 ) ) ;
#846 = LINE ( 'NONE', #847, #848 ) ;
#847 = CARTESIAN_POINT ( 'NONE',  ( 1.920000000000000200, 1.750000000000000000, -3.810000000000000100 ) ) ;
#848 = VECTOR ( 'NONE', #849, 1000.000000000000000 ) ;
#849 = DIRECTION ( 'NONE',  ( 0.0000000000000000000, -0.9932442608356220100, -0.1160423987906961900 ) ) ;
#850 = LINE ( 'NONE', #851, #852 ) ;
#851 = CARTESIAN_POINT ( 'NONE',  ( -1.119999999999999900, 1.649999999999999900, 3.200000000000000200 ) ) ;
#852 = VECTOR ( 'NONE', #853, 1000.000000000000000 ) ;
#853 = DIRECTION ( 'NONE',  ( 0.0000000000000000000, -0.9927337820337082100, -0.1203313675192382200 ) ) ;
#854 = CARTESIAN_POINT ( 'NONE',  ( -0.6200000000000000000, -0.8000000000000000400, 4.107920792079209300 ) ) ;
#855 = LINE ( 'NONE', #856, #857 ) ;
#856 = CARTESIAN_POINT ( 'NONE',  ( 1.020000000000000000, -0.8000000000000000400, -4.400000000000000400 ) ) ;
#857 = VECTOR ( 'NONE', #858, 1000.000000000000000 ) ;
#858 = DIRECTION ( 'NONE',  ( 0.0000000000000000000, 0.0000000000000000000, 1.000000000000000000 ) ) ;
#859 = LINE ( 'NONE', #860, #861 ) ;
#860 = CARTESIAN_POINT ( 'NONE',  ( 1.996459330143540000, 3.606937799043064900, -2.906459330143540400 ) ) ;
#861 = VECTOR ( 'NONE', #862, 1000.000000000000000 ) ;
#862 = DIRECTION ( 'NONE',  ( 0.1467347964133554100, -0.9782319760890370000, -0.1467347964133560200 ) ) ;
#863 = LINE ( 'NONE', #864, #865 ) ;
#864 = CARTESIAN_POINT ( 'NONE',  ( 1.020000000000000000, -3.299999999999999800, 4.400000000000000400 ) ) ;
#865 = VECTOR ( 'NONE', #866, 1000.000000000000000 ) ;
#866 = DIRECTION ( 'NONE',  ( 0.0000000000000000000, 0.0000000000000000000, -1.000000000000000000 ) ) ;
#867 = LINE ( 'NONE', #868, #869 ) ;
#868 = CARTESIAN_POINT ( 'NONE',  ( 1.119999999999999900, 3.035892918740204500E-017, 3.000000000000000000 ) ) ;
#869 = VECTOR ( 'NONE', #870, 1000.000000000000000 ) ;
#870 = DIRECTION ( 'NONE',  ( 0.0000000000000000000, 1.224606353822375800E-016, -1.000000000000000000 ) ) ;
#871 = LINE ( 'NONE', #872, #873 ) ;
#872 = CARTESIAN_POINT ( 'NONE',  ( 2.290000000000000000, 1.750000000000000000, -3.185000000000000100 ) ) ;
#873 = VECTOR ( 'NONE', #874, 1000.000000000000000 ) ;
#874 = DIRECTION ( 'NONE',  ( 1.000000000000000000, 0.0000000000000000000, 0.0000000000000000000 ) ) ;
#875 = CARTESIAN_POINT ( 'NONE',  ( 1.920000000000000200, -9.387192924095540700E-017, 3.000000000000000000 ) ) ;
#876 = LINE ( 'NONE', #877, #878 ) ;
#877 = CARTESIAN_POINT ( 'NONE',  ( 1.020000000000000000, 1.750000000000000000, 3.810000000000000100 ) ) ;
#878 = VECTOR ( 'NONE', #879, 1000.000000000000000 ) ;
#879 = DIRECTION ( 'NONE',  ( -8.615020683253919600E-017, 0.9932442608356220100, -0.1160423987906961900 ) ) ;
#880 = CARTESIAN_POINT ( 'NONE',  ( -1.119999999999999900, 5.373155120335829700E-016, -4.014455445544554900 ) ) ;
#881 = CARTESIAN_POINT ( 'NONE',  ( -0.6200000000000000000, 1.250000000000000000, -3.151515151515150000 ) ) ;
#882 = LINE ( 'NONE', #883, #884 ) ;
#883 = CARTESIAN_POINT ( 'NONE',  ( 1.920000000000000200, 3.280814189504690200E-017, -5.200000000000000200 ) ) ;
#884 = VECTOR ( 'NONE', #885, 1000.000000000000000 ) ;
#885 = DIRECTION ( 'NONE',  ( 0.0000000000000000000, -3.300606267476389700E-016, -1.000000000000000000 ) ) ;
#886 = LINE ( 'NONE', #887, #888 ) ;
#887 = CARTESIAN_POINT ( 'NONE',  ( 2.290000000000000000, 1.649999999999999900, -3.200000000000000200 ) ) ;
#888 = VECTOR ( 'NONE', #889, 1000.000000000000000 ) ;
#889 = DIRECTION ( 'NONE',  ( -1.000000000000000000, 0.0000000000000000000, 0.0000000000000000000 ) ) ;
#890 = LINE ( 'NONE', #892, #893 ) ;
#891 = ORIENTED_EDGE ( 'NONE', *, *, #1699, .T. ) ;
#892 = CARTESIAN_POINT ( 'NONE',  ( 1.119999999999999900, 1.750000000000000000, -3.810000000000000100 ) ) ;
#893 = VECTOR ( 'NONE', #894, 1000.000000000000000 ) ;
#894 = DIRECTION ( 'NONE',  ( 0.0000000000000000000, 0.9932442608356220100, 0.1160423987906961900 ) ) ;
#895 = LINE ( 'NONE', #896, #897 ) ;
#896 = CARTESIAN_POINT ( 'NONE',  ( -1.520000000000000000, -3.299999999999999800, -4.400000000000000400 ) ) ;
#897 = VECTOR ( 'NONE', #898, 1000.000000000000000 ) ;
#898 = DIRECTION ( 'NONE',  ( 0.0000000000000000000, 0.0000000000000000000, 1.000000000000000000 ) ) ;
#899 = CARTESIAN_POINT ( 'NONE',  ( 1.020000000000000000, -3.299999999999999800, 4.400000000000000400 ) ) ;
#900 = LINE ( 'NONE', #901, #902 ) ;
#901 = CARTESIAN_POINT ( 'NONE',  ( -1.520000000000000000, -0.8000000000000000400, -4.400000000000000400 ) ) ;
#902 = VECTOR ( 'NONE', #903, 1000.000000000000000 ) ;
#903 = DIRECTION ( 'NONE',  ( 0.0000000000000000000, 0.0000000000000000000, 1.000000000000000000 ) ) ;
#904 = LINE ( 'NONE', #905, #906 ) ;
#905 = CARTESIAN_POINT ( 'NONE',  ( -0.6200000000000000000, 1.250000000000000000, -3.151515151515150000 ) ) ;
#906 = VECTOR ( 'NONE', #907, 1000.000000000000000 ) ;
#907 = DIRECTION ( 'NONE',  ( 0.0000000000000000000, 0.0000000000000000000, 1.000000000000000000 ) ) ;
#908 = EDGE_CURVE ( 'NONE', #336, #202, #1111, .T. ) ;
#909 = CARTESIAN_POINT ( 'NONE',  ( 0.6200000000000000000, 1.250000000000000000, -3.365014996781544800 ) ) ;
#910 = LINE ( 'NONE', #911, #912 ) ;
#911 = CARTESIAN_POINT ( 'NONE',  ( 2.290000000000000000, 1.649999999999999900, -3.200000000000000200 ) ) ;
#912 = VECTOR ( 'NONE', #913, 1000.000000000000100 ) ;
#913 = DIRECTION ( 'NONE',  ( -0.2172939610688790500, -0.9690136101720280300, 0.1174561951723672000 ) ) ;
#914 = LINE ( 'NONE', #915, #916 ) ;
#915 = CARTESIAN_POINT ( 'NONE',  ( 1.920000000000000200, -0.8000000000000000400, -3.604519947276595200 ) ) ;
#916 = VECTOR ( 'NONE', #917, 1000.000000000000000 ) ;
#917 = DIRECTION ( 'NONE',  ( -1.000000000000000000, 0.0000000000000000000, 0.0000000000000000000 ) ) ;
#918 = LINE ( 'NONE', #919, #920 ) ;
#919 = CARTESIAN_POINT ( 'NONE',  ( -0.6200000000000000000, 3.035892918740204500E-017, 3.000000000000000000 ) ) ;
#920 = VECTOR ( 'NONE', #921, 1000.000000000000000 ) ;
#921 = DIRECTION ( 'NONE',  ( 0.0000000000000000000, -0.9927337820337082100, -0.1203313675192382200 ) ) ;
#922 = CARTESIAN_POINT ( 'NONE',  ( 0.6200000000000000000, 1.750000000000000000, -3.185000000000000100 ) ) ;
#923 = LINE ( 'NONE', #924, #928 ) ;
#924 = CARTESIAN_POINT ( 'NONE',  ( -0.6200000000000000000, -0.8000000000000000400, 4.400000000000000400 ) ) ;
#925 = EDGE_CURVE ( 'NONE', #1047, #116, #1136, .T. ) ;
#926 = VERTEX_POINT ( 'NONE', #1140 ) ;
#927 = ADVANCED_FACE ( 'NONE', ( #1141 ), #1142, .F. ) ;
#928 = VECTOR ( 'NONE', #929, 1000.000000000000000 ) ;
#929 = DIRECTION ( 'NONE',  ( 0.0000000000000000000, 0.0000000000000000000, -1.000000000000000000 ) ) ;
#930 = LINE ( 'NONE', #931, #932 ) ;
#931 = CARTESIAN_POINT ( 'NONE',  ( -1.920000000000000200, -3.299999999999999800, 3.896599155197384900 ) ) ;
#932 = VECTOR ( 'NONE', #933, 1000.000000000000000 ) ;
#933 = DIRECTION ( 'NONE',  ( 1.000000000000000000, 0.0000000000000000000, 0.0000000000000000000 ) ) ;
#934 = LINE ( 'NONE', #935, #936 ) ;
#935 = CARTESIAN_POINT ( 'NONE',  ( -1.990000000000000000, 3.649999999999999900, -4.400000000000000400 ) ) ;
#936 = VECTOR ( 'NONE', #937, 1000.000000000000000 ) ;
#937 = DIRECTION ( 'NONE',  ( 0.0000000000000000000, 0.0000000000000000000, 1.000000000000000000 ) ) ;
#938 = CARTESIAN_POINT ( 'NONE',  ( -1.020000000000000000, -3.299999999999999800, -4.400000000000000400 ) ) ;
#939 = FACE_OUTER_BOUND ( 'NONE', #443, .T. ) ;
#940 = PLANE ( 'NONE',  #941 ) ;
#941 = AXIS2_PLACEMENT_3D ( 'NONE', #942, #943, #944 ) ;
#942 = CARTESIAN_POINT ( 'NONE',  ( 1.119999999999999900, 3.280814189504690200E-017, -5.200000000000000200 ) ) ;
#943 = DIRECTION ( 'NONE',  ( 0.0000000000000000000, -1.000000000000000000, 3.300606267476389700E-016 ) ) ;
#944 = DIRECTION ( 'NONE',  ( 0.0000000000000000000, -3.300606267476389700E-016, -1.000000000000000000 ) ) ;
#945 = LINE ( 'NONE', #946, #947 ) ;
#946 = CARTESIAN_POINT ( 'NONE',  ( -1.119999999999999900, 1.250000000000000000, 3.151515151515150000 ) ) ;
#947 = VECTOR ( 'NONE', #948, 1000.000000000000000 ) ;
#948 = DIRECTION ( 'NONE',  ( 0.0000000000000000000, 0.0000000000000000000, 1.000000000000000000 ) ) ;
#949 = LINE ( 'NONE', #950, #951 ) ;
#950 = CARTESIAN_POINT ( 'NONE',  ( 1.119999999999999900, 3.280814189504690200E-017, -5.200000000000000200 ) ) ;
#951 = VECTOR ( 'NONE', #952, 1000.000000000000000 ) ;
#952 = DIRECTION ( 'NONE',  ( 0.0000000000000000000, -3.300606267476389700E-016, -1.000000000000000000 ) ) ;
#953 = LINE ( 'NONE', #954, #955 ) ;
#954 = CARTESIAN_POINT ( 'NONE',  ( -1.920000000000000200, -0.8000000000000000400, -4.400000000000000400 ) ) ;
#955 = VECTOR ( 'NONE', #956, 1000.000000000000000 ) ;
#956 = DIRECTION ( 'NONE',  ( 0.0000000000000000000, 0.0000000000000000000, 1.000000000000000000 ) ) ;
#957 = FACE_OUTER_BOUND ( 'NONE', #63, .T. ) ;
#958 = PLANE ( 'NONE',  #959 ) ;
#959 = AXIS2_PLACEMENT_3D ( 'NONE', #961, #962, #963 ) ;
#960 = VERTEX_POINT ( 'NONE', #1166 ) ;
#961 = CARTESIAN_POINT ( 'NONE',  ( 1.920000000000000200, 1.250000000000000000, -3.151515151515150000 ) ) ;
#962 = DIRECTION ( 'NONE',  ( 0.0000000000000000000, -1.000000000000000000, 0.0000000000000000000 ) ) ;
#963 = DIRECTION ( 'NONE',  ( 0.0000000000000000000, 0.0000000000000000000, -1.000000000000000000 ) ) ;
#964 = FACE_OUTER_BOUND ( 'NONE', #1155, .T. ) ;
#965 = PLANE ( 'NONE',  #966 ) ;
#966 = AXIS2_PLACEMENT_3D ( 'NONE', #967, #968, #969 ) ;
#967 = CARTESIAN_POINT ( 'NONE',  ( -1.920000000000000200, 1.750000000000000000, -3.810000000000000100 ) ) ;
#968 = DIRECTION ( 'NONE',  ( 0.0000000000000000000, -0.1160423987906961900, 0.9932442608356220100 ) ) ;
#969 = DIRECTION ( 'NONE',  ( 0.0000000000000000000, -0.9932442608356220100, -0.1160423987906961900 ) ) ;
#970 = CARTESIAN_POINT ( 'NONE',  ( -0.6200000000000000000, -0.8000000000000000400, 3.604519947276595200 ) ) ;
#971 = LINE ( 'NONE', #972, #973 ) ;
#972 = CARTESIAN_POINT ( 'NONE',  ( 1.920000000000000200, 6.505213034913029600E-016, -3.511054600741940300 ) ) ;
#973 = VECTOR ( 'NONE', #974, 1000.000000000000000 ) ;
#974 = DIRECTION ( 'NONE',  ( 1.000000000000000000, 0.0000000000000000000, 0.0000000000000000000 ) ) ;
#975 = FACE_OUTER_BOUND ( 'NONE', #1769, .T. ) ;
#976 = PLANE ( 'NONE',  #979 ) ;
#977 = VERTEX_POINT ( 'NONE', #1188 ) ;
#978 = ADVANCED_FACE ( 'NONE', ( #1194 ), #1195, .F. ) ;
#979 = AXIS2_PLACEMENT_3D ( 'NONE', #980, #981, #982 ) ;
#980 = CARTESIAN_POINT ( 'NONE',  ( 2.290000000000000000, 3.649999999999999900, -2.899999999999999900 ) ) ;
#981 = DIRECTION ( 'NONE',  ( 0.0000000000000000000, -0.1483404529302449200, 0.9889363528682975100 ) ) ;
#982 = DIRECTION ( 'NONE',  ( 0.0000000000000000000, -0.9889363528682975100, -0.1483404529302449200 ) ) ;
#983 = LINE ( 'NONE', #984, #985 ) ;
#984 = CARTESIAN_POINT ( 'NONE',  ( -1.920000000000000200, 1.250000000000000000, -3.365014996781544800 ) ) ;
#985 = VECTOR ( 'NONE', #986, 1000.000000000000000 ) ;
#986 = DIRECTION ( 'NONE',  ( 0.0000000000000000000, 0.9932442608356220100, 0.1160423987906961900 ) ) ;
#987 = FACE_OUTER_BOUND ( 'NONE', #338, .T. ) ;
#988 = PLANE ( 'NONE',  #989 ) ;
#989 = AXIS2_PLACEMENT_3D ( 'NONE', #990, #991, #992 ) ;
#990 = CARTESIAN_POINT ( 'NONE',  ( 1.920000000000000200, 1.250000000000000000, 3.151515151515150000 ) ) ;
#991 = DIRECTION ( 'NONE',  ( 0.0000000000000000000, 1.000000000000000000, 0.0000000000000000000 ) ) ;
#992 = DIRECTION ( 'NONE',  ( 0.0000000000000000000, 0.0000000000000000000, 1.000000000000000000 ) ) ;
#993 = LINE ( 'NONE', #994, #995 ) ;
#994 = CARTESIAN_POINT ( 'NONE',  ( -0.6200000000000000000, 1.750000000000000000, 3.810000000000000100 ) ) ;
#995 = VECTOR ( 'NONE', #996, 1000.000000000000000 ) ;
#996 = DIRECTION ( 'NONE',  ( 0.0000000000000000000, -0.9932442608356220100, 0.1160423987906961900 ) ) ;
#997 = LINE ( 'NONE', #998, #999 ) ;
#998 = CARTESIAN_POINT ( 'NONE',  ( 1.920000000000000200, -2.168404344971009900E-016, 4.014455445544554900 ) ) ;
#999 = VECTOR ( 'NONE', #1000, 1000.000000000000000 ) ;
#1000 = DIRECTION ( 'NONE',  ( -1.000000000000000000, 0.0000000000000000000, 0.0000000000000000000 ) ) ;
#1001 = LINE ( 'NONE', #1002, #1003 ) ;
#1002 = CARTESIAN_POINT ( 'NONE',  ( 0.6200000000000000000, 1.750000000000000000, 3.169999999999999900 ) ) ;
#1003 = VECTOR ( 'NONE', #1004, 1000.000000000000000 ) ;
#1004 = DIRECTION ( 'NONE',  ( 0.0000000000000000000, 0.0000000000000000000, 1.000000000000000000 ) ) ;
#1005 = CARTESIAN_POINT ( 'NONE',  ( -1.119999999999999900, 1.649999999999999900, 3.200000000000000200 ) ) ;
#1006 = FACE_OUTER_BOUND ( 'NONE', #588, .T. ) ;
#1007 = PLANE ( 'NONE',  #1008 ) ;
#1008 = AXIS2_PLACEMENT_3D ( 'NONE', #1009, #1010, #1013 ) ;
#1009 = CARTESIAN_POINT ( 'NONE',  ( 0.6200000000000000000, -0.8000000000000000400, 4.400000000000000400 ) ) ;
#1010 = DIRECTION ( 'NONE',  ( 5.421010862427530100E-016, -1.000000000000000000, 0.0000000000000000000 ) ) ;
#1011 = ORIENTED_EDGE ( 'NONE', *, *, #1081, .F. ) ;
#1012 = EDGE_LOOP ( 'NONE', ( #310, #42, #306, #220, #99, #351, #453 ) ) ;
#1013 = DIRECTION ( 'NONE',  ( 1.000000000000000000, 5.421010862427530100E-016, 0.0000000000000000000 ) ) ;
#1014 = LINE ( 'NONE', #1015, #1016 ) ;
#1015 = CARTESIAN_POINT ( 'NONE',  ( 2.290000000000000000, 1.649999999999999900, 3.200000000000000200 ) ) ;
#1016 = VECTOR ( 'NONE', #1017, 1000.000000000000000 ) ;
#1017 = DIRECTION ( 'NONE',  ( -0.1422136389419929300, 0.9480909262799545000, -0.2844272778839863600 ) ) ;
#1018 = CARTESIAN_POINT ( 'NONE',  ( -1.119999999999999900, 1.750000000000000000, -3.185000000000000100 ) ) ;
#1019 = LINE ( 'NONE', #1020, #1021 ) ;
#1020 = CARTESIAN_POINT ( 'NONE',  ( -1.119999999999999900, 1.250000000000000000, -3.151515151515150000 ) ) ;
#1021 = VECTOR ( 'NONE', #1022, 1000.000000000000000 ) ;
#1022 = DIRECTION ( 'NONE',  ( 0.0000000000000000000, 0.0000000000000000000, -1.000000000000000000 ) ) ;
#1023 = CARTESIAN_POINT ( 'NONE',  ( -1.990000000000000000, 3.649999999999999900, 2.600000000000000100 ) ) ;
#1024 = FACE_OUTER_BOUND ( 'NONE', #78, .T. ) ;
#1025 = PLANE ( 'NONE',  #1026 ) ;
#1026 = AXIS2_PLACEMENT_3D ( 'NONE', #1027, #1028, #1031 ) ;
#1027 = CARTESIAN_POINT ( 'NONE',  ( 1.020000000000000000, -0.8000000000000000400, 4.400000000000000400 ) ) ;
#1028 = DIRECTION ( 'NONE',  ( -1.000000000000000000, -8.673617379884039200E-017, 0.0000000000000000000 ) ) ;
#1029 = ORIENTED_EDGE ( 'NONE', *, *, #789, .T. ) ;
#1030 = ORIENTED_EDGE ( 'NONE', *, *, #431, .F. ) ;
#1031 = DIRECTION ( 'NONE',  ( 8.673617379884039200E-017, -1.000000000000000000, 0.0000000000000000000 ) ) ;
#1032 = CARTESIAN_POINT ( 'NONE',  ( 0.6200000000000000000, 1.250000000000000000, 3.151515151515150000 ) ) ;
#1033 = CARTESIAN_POINT ( 'NONE',  ( -1.119999999999999900, 6.203919112040029600E-016, -3.511054600741940300 ) ) ;
#1034 = CARTESIAN_POINT ( 'NONE',  ( 1.920000000000000200, -0.8000000000000000400, 3.604519947276595200 ) ) ;
#1035 = LINE ( 'NONE', #1036, #1037 ) ;
#1036 = CARTESIAN_POINT ( 'NONE',  ( 1.920000000000000200, -3.299999999999999800, -4.400000000000000400 ) ) ;
#1037 = VECTOR ( 'NONE', #1038, 1000.000000000000000 ) ;
#1038 = DIRECTION ( 'NONE',  ( -1.000000000000000000, 0.0000000000000000000, 0.0000000000000000000 ) ) ;
#1039 = CARTESIAN_POINT ( 'NONE',  ( -0.6200000000000000000, -0.8000000000000000400, -4.107920792079209300 ) ) ;
#1040 = LINE ( 'NONE', #1041, #1042 ) ;
#1041 = CARTESIAN_POINT ( 'NONE',  ( -1.520000000000000000, -3.299999999999999800, 4.400000000000000400 ) ) ;
#1042 = VECTOR ( 'NONE', #1043, 1000.000000000000000 ) ;
#1043 = DIRECTION ( 'NONE',  ( 0.0000000000000000000, 0.0000000000000000000, -1.000000000000000000 ) ) ;
#1044 = LINE ( 'NONE', #1045, #1046 ) ;
#1045 = CARTESIAN_POINT ( 'NONE',  ( 2.290000000000000000, 3.649999999999999900, -2.899999999999999900 ) ) ;
#1046 = VECTOR ( 'NONE', #1049, 1000.000000000000000 ) ;
#1047 = VERTEX_POINT ( 'NONE', #1232 ) ;
#1048 = VERTEX_POINT ( 'NONE', #1233 ) ;
#1049 = DIRECTION ( 'NONE',  ( -1.000000000000000000, 0.0000000000000000000, 0.0000000000000000000 ) ) ;
#1050 = FACE_OUTER_BOUND ( 'NONE', #555, .T. ) ;
#1051 = PLANE ( 'NONE',  #1052 ) ;
#1052 = AXIS2_PLACEMENT_3D ( 'NONE', #1053, #1054, #1055 ) ;
#1053 = CARTESIAN_POINT ( 'NONE',  ( -1.920000000000000200, 1.250000000000000000, -3.151515151515150000 ) ) ;
#1054 = DIRECTION ( 'NONE',  ( 0.0000000000000000000, 1.000000000000000000, 0.0000000000000000000 ) ) ;
#1055 = DIRECTION ( 'NONE',  ( 0.0000000000000000000, 0.0000000000000000000, 1.000000000000000000 ) ) ;
#1056 = LINE ( 'NONE', #1057, #1058 ) ;
#1057 = CARTESIAN_POINT ( 'NONE',  ( -1.920000000000000200, 1.750000000000000000, -3.810000000000000100 ) ) ;
#1058 = VECTOR ( 'NONE', #1059, 1000.000000000000000 ) ;
#1059 = DIRECTION ( 'NONE',  ( 1.000000000000000000, 0.0000000000000000000, 0.0000000000000000000 ) ) ;
#1060 = LINE ( 'NONE', #1061, #1062 ) ;
#1061 = CARTESIAN_POINT ( 'NONE',  ( 0.6200000000000000000, 1.750000000000000000, -3.810000000000000100 ) ) ;
#1062 = VECTOR ( 'NONE', #1063, 1000.000000000000000 ) ;
#1063 = DIRECTION ( 'NONE',  ( 0.0000000000000000000, -0.9932442608356220100, -0.1160423987906961900 ) ) ;
#1064 = FACE_OUTER_BOUND ( 'NONE', #190, .T. ) ;
#1065 = PLANE ( 'NONE',  #1066 ) ;
#1066 = AXIS2_PLACEMENT_3D ( 'NONE', #1067, #1068, #1069 ) ;
#1067 = CARTESIAN_POINT ( 'NONE',  ( 1.920000000000000200, 1.750000000000000000, -3.810000000000000100 ) ) ;
#1068 = DIRECTION ( 'NONE',  ( 0.0000000000000000000, 0.1160423987906961900, -0.9932442608356220100 ) ) ;
#1069 = DIRECTION ( 'NONE',  ( 0.0000000000000000000, 0.9932442608356220100, 0.1160423987906961900 ) ) ;
#1070 = LINE ( 'NONE', #1071, #1072 ) ;
#1071 = CARTESIAN_POINT ( 'NONE',  ( -0.6200000000000000000, 1.250000000000000000, 3.365014996781544800 ) ) ;
#1072 = VECTOR ( 'NONE', #1073, 1000.000000000000000 ) ;
#1073 = DIRECTION ( 'NONE',  ( 0.0000000000000000000, 0.9932442608356220100, -0.1160423987906961900 ) ) ;
#1074 = FACE_OUTER_BOUND ( 'NONE', #121, .T. ) ;
#1075 = PLANE ( 'NONE',  #1076 ) ;
#1076 = AXIS2_PLACEMENT_3D ( 'NONE', #1077, #1078, #1079 ) ;
#1077 = CARTESIAN_POINT ( 'NONE',  ( 1.920000000000000200, 1.750000000000000000, 3.810000000000000100 ) ) ;
#1078 = DIRECTION ( 'NONE',  ( 0.0000000000000000000, -0.1160423987906961900, -0.9932442608356220100 ) ) ;
#1079 = DIRECTION ( 'NONE',  ( 0.0000000000000000000, 0.9932442608356220100, -0.1160423987906961900 ) ) ;
#1080 = CARTESIAN_POINT ( 'NONE',  ( -0.6200000000000000000, 1.750000000000000000, 3.810000000000000100 ) ) ;
#1081 = EDGE_CURVE ( 'NONE', #1276, #1986, #1251, .T. ) ;
#1082 = ORIENTED_EDGE ( 'NONE', *, *, #70, .T. ) ;
#1083 = ORIENTED_EDGE ( 'NONE', *, *, #1313, .T. ) ;
#1084 = VERTEX_POINT ( 'NONE', #1268 ) ;
#1085 = CARTESIAN_POINT ( 'NONE',  ( -1.920000000000000200, 4.241097205758620100E-016, -4.014455445544554900 ) ) ;
#1086 = FACE_OUTER_BOUND ( 'NONE', #433, .T. ) ;
#1087 = PLANE ( 'NONE',  #1088 ) ;
#1088 = AXIS2_PLACEMENT_3D ( 'NONE', #1089, #1090, #1091 ) ;
#1089 = CARTESIAN_POINT ( 'NONE',  ( -1.920000000000000200, -3.299999999999999800, -4.400000000000000400 ) ) ;
#1090 = DIRECTION ( 'NONE',  ( 0.0000000000000000000, 1.000000000000000000, 1.723004136650785000E-015 ) ) ;
#1091 = DIRECTION ( 'NONE',  ( 0.0000000000000000000, -1.723004136650785000E-015, 1.000000000000000000 ) ) ;
#1092 = CARTESIAN_POINT ( 'NONE',  ( 1.119999999999999900, 1.250000000000000000, -3.151515151515154900 ) ) ;
#1093 = CARTESIAN_POINT ( 'NONE',  ( -0.6200000000000000000, 1.750000000000000000, 3.169999999999999900 ) ) ;
#1094 = LINE ( 'NONE', #1095, #1096 ) ;
#1095 = CARTESIAN_POINT ( 'NONE',  ( -2.290000000000000000, 1.649999999999999900, 2.600000000000000100 ) ) ;
#1096 = VECTOR ( 'NONE', #1097, 1000.000000000000000 ) ;
#1097 = DIRECTION ( 'NONE',  ( 0.0000000000000000000, 0.0000000000000000000, 1.000000000000000000 ) ) ;
#1098 = LINE ( 'NONE', #1099, #1100 ) ;
#1099 = CARTESIAN_POINT ( 'NONE',  ( 1.520000000000000000, -0.8000000000000000400, 4.400000000000000400 ) ) ;
#1100 = VECTOR ( 'NONE', #1103, 1000.000000000000000 ) ;
#1101 = VERTEX_POINT ( 'NONE', #1279 ) ;
#1102 = ORIENTED_EDGE ( 'NONE', *, *, #591, .F. ) ;
#1103 = DIRECTION ( 'NONE',  ( 0.0000000000000000000, 0.0000000000000000000, -1.000000000000000000 ) ) ;
#1104 = CARTESIAN_POINT ( 'NONE',  ( -0.6200000000000000000, 1.250000000000000000, 3.151515151515150000 ) ) ;
#1105 = CARTESIAN_POINT ( 'NONE',  ( 1.119999999999999900, 6.203919112040029600E-016, -3.511054600741940300 ) ) ;
#1106 = CARTESIAN_POINT ( 'NONE',  ( 0.6200000000000000000, -0.8000000000000000400, 4.107920792079209300 ) ) ;
#1107 = LINE ( 'NONE', #1108, #1109 ) ;
#1108 = CARTESIAN_POINT ( 'NONE',  ( -1.119999999999999900, 1.750000000000000000, -3.810000000000000100 ) ) ;
#1109 = VECTOR ( 'NONE', #1110, 1000.000000000000000 ) ;
#1110 = DIRECTION ( 'NONE',  ( 0.0000000000000000000, 0.9932442608356220100, 0.1160423987906961900 ) ) ;
#1111 = LINE ( 'NONE', #1112, #1113 ) ;
#1112 = CARTESIAN_POINT ( 'NONE',  ( -2.073747671932125100, 0.6856315099675820400, -3.083106849693040300 ) ) ;
#1113 = VECTOR ( 'NONE', #1114, 1000.000000000000100 ) ;
#1114 = DIRECTION ( 'NONE',  ( -0.2172939610688790500, 0.9690136101720280300, -0.1174561951723672000 ) ) ;
#1115 = LINE ( 'NONE', #1116, #1117 ) ;
#1116 = CARTESIAN_POINT ( 'NONE',  ( 0.6200000000000000000, 1.250000000000000000, -3.365014996781544800 ) ) ;
#1117 = VECTOR ( 'NONE', #1118, 1000.000000000000000 ) ;
#1118 = DIRECTION ( 'NONE',  ( 0.0000000000000000000, 0.9932442608356220100, 0.1160423987906961900 ) ) ;
#1119 = EDGE_CURVE ( 'NONE', #37, #348, #1280, .T. ) ;
#1120 = ORIENTED_EDGE ( 'NONE', *, *, #139, .T. ) ;
#1121 = ORIENTED_EDGE ( 'NONE', *, *, #400, .T. ) ;
#1122 = ORIENTED_EDGE ( 'NONE', *, *, #1404, .F. ) ;
#1123 = FACE_OUTER_BOUND ( 'NONE', #177, .T. ) ;
#1124 = PLANE ( 'NONE',  #1125 ) ;
#1125 = AXIS2_PLACEMENT_3D ( 'NONE', #1126, #1127, #1128 ) ;
#1126 = CARTESIAN_POINT ( 'NONE',  ( -1.920000000000000200, -3.299999999999999800, 4.400000000000000400 ) ) ;
#1127 = DIRECTION ( 'NONE',  ( 0.0000000000000000000, -1.000000000000000000, 1.723004136650785000E-015 ) ) ;
#1128 = DIRECTION ( 'NONE',  ( 0.0000000000000000000, -1.723004136650785000E-015, -1.000000000000000000 ) ) ;
#1129 = FACE_OUTER_BOUND ( 'NONE', #539, .T. ) ;
#1130 = PLANE ( 'NONE',  #1131 ) ;
#1131 = AXIS2_PLACEMENT_3D ( 'NONE', #1132, #1133, #1134 ) ;
#1132 = CARTESIAN_POINT ( 'NONE',  ( -1.119999999999999900, 3.280814189504690200E-017, -5.200000000000000200 ) ) ;
#1133 = DIRECTION ( 'NONE',  ( 0.0000000000000000000, 1.000000000000000000, -3.300606267476389700E-016 ) ) ;
#1134 = DIRECTION ( 'NONE',  ( 0.0000000000000000000, 3.300606267476389700E-016, 1.000000000000000000 ) ) ;
#1135 = CARTESIAN_POINT ( 'NONE',  ( 1.020000000000000000, -3.299999999999999800, -3.896599155197384900 ) ) ;
#1136 = LINE ( 'NONE', #1137, #1138 ) ;
#1137 = CARTESIAN_POINT ( 'NONE',  ( -1.920000000000000200, -3.299999999999999800, 4.400000000000000400 ) ) ;
#1138 = VECTOR ( 'NONE', #1139, 1000.000000000000000 ) ;
#1139 = DIRECTION ( 'NONE',  ( 1.000000000000000000, 0.0000000000000000000, 0.0000000000000000000 ) ) ;
#1140 = CARTESIAN_POINT ( 'NONE',  ( 0.6200000000000000000, -0.8000000000000000400, -3.604519947276595200 ) ) ;
#1141 = FACE_OUTER_BOUND ( 'NONE', #548, .T. ) ;
#1142 = PLANE ( 'NONE',  #1143 ) ;
#1143 = AXIS2_PLACEMENT_3D ( 'NONE', #1144, #1145, #1146 ) ;
#1144 = CARTESIAN_POINT ( 'NONE',  ( 1.020000000000000000, -0.8000000000000000400, -4.400000000000000400 ) ) ;
#1145 = DIRECTION ( 'NONE',  ( 1.000000000000000000, 8.673617379884039200E-017, 0.0000000000000000000 ) ) ;
#1146 = DIRECTION ( 'NONE',  ( -8.673617379884039200E-017, 1.000000000000000000, 0.0000000000000000000 ) ) ;
#1147 = LINE ( 'NONE', #1148, #1149 ) ;
#1148 = CARTESIAN_POINT ( 'NONE',  ( 1.920000000000000200, -0.8000000000000000400, -4.107920792079209300 ) ) ;
#1149 = VECTOR ( 'NONE', #1150, 1000.000000000000000 ) ;
#1150 = DIRECTION ( 'NONE',  ( 1.000000000000000000, 0.0000000000000000000, 0.0000000000000000000 ) ) ;
#1151 = FACE_OUTER_BOUND ( 'NONE', #91, .T. ) ;
#1152 = PLANE ( 'NONE',  #1153 ) ;
#1153 = AXIS2_PLACEMENT_3D ( 'NONE', #1154, #1156, #1157 ) ;
#1154 = CARTESIAN_POINT ( 'NONE',  ( -1.920000000000000200, 1.750000000000000000, -3.169999999999999900 ) ) ;
#1155 = EDGE_LOOP ( 'NONE', ( #26, #1368, #61, #601, #334, #1102, #371, #21, #565, #584 ) ) ;
#1156 = DIRECTION ( 'NONE',  ( 0.0000000000000000000, -1.000000000000000000, 0.0000000000000000000 ) ) ;
#1157 = DIRECTION ( 'NONE',  ( 0.0000000000000000000, 0.0000000000000000000, -1.000000000000000000 ) ) ;
#1158 = LINE ( 'NONE', #1159, #1160 ) ;
#1159 = CARTESIAN_POINT ( 'NONE',  ( 1.520000000000000000, -3.299999999999999800, -4.400000000000000400 ) ) ;
#1160 = VECTOR ( 'NONE', #1161, 1000.000000000000000 ) ;
#1161 = DIRECTION ( 'NONE',  ( 0.0000000000000000000, 0.0000000000000000000, 1.000000000000000000 ) ) ;
#1162 = LINE ( 'NONE', #1163, #1164 ) ;
#1163 = CARTESIAN_POINT ( 'NONE',  ( 1.520000000000000000, 1.750000000000000000, 3.810000000000000100 ) ) ;
#1164 = VECTOR ( 'NONE', #1165, 1000.000000000000000 ) ;
#1165 = DIRECTION ( 'NONE',  ( 1.723004136650784900E-016, -0.9932442608356220100, 0.1160423987906961900 ) ) ;
#1166 = CARTESIAN_POINT ( 'NONE',  ( -0.6200000000000000000, 1.649999999999999900, 3.200000000000000200 ) ) ;
#1167 = LINE ( 'NONE', #1168, #1169 ) ;
#1168 = CARTESIAN_POINT ( 'NONE',  ( 0.6200000000000000000, 1.250000000000000000, 3.365014996781544800 ) ) ;
#1169 = VECTOR ( 'NONE', #1170, 1000.000000000000000 ) ;
#1170 = DIRECTION ( 'NONE',  ( 0.0000000000000000000, 0.9932442608356220100, -0.1160423987906961900 ) ) ;
#1171 = LINE ( 'NONE', #1174, #1175 ) ;
#1172 = ORIENTED_EDGE ( 'NONE', *, *, #327, .T. ) ;
#1173 = ORIENTED_EDGE ( 'NONE', *, *, #194, .T. ) ;
#1174 = CARTESIAN_POINT ( 'NONE',  ( -1.920000000000000200, -0.8000000000000000400, -3.604519947276595200 ) ) ;
#1175 = VECTOR ( 'NONE', #1176, 1000.000000000000000 ) ;
#1176 = DIRECTION ( 'NONE',  ( -1.000000000000000000, 5.421010862427530100E-016, 6.333458235311359300E-017 ) ) ;
#1177 = CARTESIAN_POINT ( 'NONE',  ( -1.920000000000000200, 7.566936427883000000E-017, -3.000000000000000000 ) ) ;
#1178 = LINE ( 'NONE', #1179, #1180 ) ;
#1179 = CARTESIAN_POINT ( 'NONE',  ( -1.920000000000000200, -0.8000000000000000400, 4.107920792079209300 ) ) ;
#1180 = VECTOR ( 'NONE', #1181, 1000.000000000000000 ) ;
#1181 = DIRECTION ( 'NONE',  ( -1.000000000000000000, 0.0000000000000000000, 0.0000000000000000000 ) ) ;
#1182 = CARTESIAN_POINT ( 'NONE',  ( -0.6200000000000000000, 1.250000000000000000, 3.365014996781544800 ) ) ;
#1183 = CARTESIAN_POINT ( 'NONE',  ( 1.119999999999999900, 1.750000000000000000, 3.810000000000000100 ) ) ;
#1184 = LINE ( 'NONE', #1185, #1186 ) ;
#1185 = CARTESIAN_POINT ( 'NONE',  ( -1.020000000000000000, -3.299999999999999800, -4.400000000000000400 ) ) ;
#1186 = VECTOR ( 'NONE', #1187, 1000.000000000000000 ) ;
#1187 = DIRECTION ( 'NONE',  ( 0.0000000000000000000, 0.0000000000000000000, 1.000000000000000000 ) ) ;
#1188 = CARTESIAN_POINT ( 'NONE',  ( 2.290000000000000000, 1.649999999999999900, 3.200000000000000200 ) ) ;
#1189 = LINE ( 'NONE', #1191, #1192 ) ;
#1190 = VERTEX_POINT ( 'NONE', #1291 ) ;
#1191 = CARTESIAN_POINT ( 'NONE',  ( 1.920000000000000200, -0.8000000000000000400, 3.604519947276595200 ) ) ;
#1192 = VECTOR ( 'NONE', #1193, 1000.000000000000000 ) ;
#1193 = DIRECTION ( 'NONE',  ( 1.000000000000000000, 5.421010862427530100E-016, -6.333458235311359300E-017 ) ) ;
#1194 = FACE_OUTER_BOUND ( 'NONE', #566, .T. ) ;
#1195 = PLANE ( 'NONE',  #1196 ) ;
#1196 = AXIS2_PLACEMENT_3D ( 'NONE', #1197, #1198, #1199 ) ;
#1197 = CARTESIAN_POINT ( 'NONE',  ( -1.119999999999999900, 3.280814189504680300E-017, 5.200000000000000200 ) ) ;
#1198 = DIRECTION ( 'NONE',  ( 0.0000000000000000000, -1.000000000000000000, 1.491279177047579900E-017 ) ) ;
#1199 = DIRECTION ( 'NONE',  ( 0.0000000000000000000, -1.491279177047579900E-017, -1.000000000000000000 ) ) ;
#1200 = LINE ( 'NONE', #1201, #1202 ) ;
#1201 = CARTESIAN_POINT ( 'NONE',  ( 1.920000000000000200, -0.8000000000000000400, -3.604519947276595200 ) ) ;
#1202 = VECTOR ( 'NONE', #1203, 1000.000000000000000 ) ;
#1203 = DIRECTION ( 'NONE',  ( -1.000000000000000000, -5.421010862427530100E-016, -6.333458235311359300E-017 ) ) ;
#1204 = FACE_OUTER_BOUND ( 'NONE', #403, .T. ) ;
#1205 = PLANE ( 'NONE',  #1206 ) ;
#1206 = AXIS2_PLACEMENT_3D ( 'NONE', #1207, #1208, #1209 ) ;
#1207 = CARTESIAN_POINT ( 'NONE',  ( -1.920000000000000200, 7.566936427883000000E-017, -4.400000000000000400 ) ) ;
#1208 = DIRECTION ( 'NONE',  ( 0.9757678120177227800, 0.2188085396645799400, 0.0000000000000000000 ) ) ;
#1209 = DIRECTION ( 'NONE',  ( -0.2188085396645799200, 0.9757678120177226700, 0.0000000000000000000 ) ) ;
#1210 = FACE_OUTER_BOUND ( 'NONE', #94, .T. ) ;
#1211 = PLANE ( 'NONE',  #1212 ) ;
#1212 = AXIS2_PLACEMENT_3D ( 'NONE', #1213, #1214, #1215 ) ;
#1213 = CARTESIAN_POINT ( 'NONE',  ( -0.6200000000000000000, 1.250000000000000000, 3.151515151515150000 ) ) ;
#1214 = DIRECTION ( 'NONE',  ( 1.000000000000000000, 0.0000000000000000000, 0.0000000000000000000 ) ) ;
#1215 = DIRECTION ( 'NONE',  ( 0.0000000000000000000, 0.0000000000000000000, 1.000000000000000000 ) ) ;
#1216 = FACE_OUTER_BOUND ( 'NONE', #406, .T. ) ;
#1217 = PLANE ( 'NONE',  #1218 ) ;
#1218 = AXIS2_PLACEMENT_3D ( 'NONE', #1219, #1220, #1221 ) ;
#1219 = CARTESIAN_POINT ( 'NONE',  ( -1.920000000000000200, 1.750000000000000000, 3.810000000000000100 ) ) ;
#1220 = DIRECTION ( 'NONE',  ( 0.0000000000000000000, 0.1160423987906961900, 0.9932442608356220100 ) ) ;
#1221 = DIRECTION ( 'NONE',  ( 0.0000000000000000000, -0.9932442608356220100, 0.1160423987906961900 ) ) ;
#1222 = CARTESIAN_POINT ( 'NONE',  ( 1.520000000000000000, -3.299999999999999800, 3.896599155197384900 ) ) ;
#1223 = ORIENTED_EDGE ( 'NONE', *, *, #203, .F. ) ;
#1224 = LINE ( 'NONE', #1225, #1226 ) ;
#1225 = CARTESIAN_POINT ( 'NONE',  ( -1.920000000000000200, -3.299999999999999800, -4.400000000000000400 ) ) ;
#1226 = VECTOR ( 'NONE', #1227, 1000.000000000000000 ) ;
#1227 = DIRECTION ( 'NONE',  ( 1.000000000000000000, 0.0000000000000000000, 0.0000000000000000000 ) ) ;
#1228 = LINE ( 'NONE', #1229, #1230 ) ;
#1229 = CARTESIAN_POINT ( 'NONE',  ( 1.520000000000000000, 1.250000000000000000, -3.365014996781544800 ) ) ;
#1230 = VECTOR ( 'NONE', #1231, 1000.000000000000000 ) ;
#1231 = DIRECTION ( 'NONE',  ( 1.723004136650784900E-016, -0.9932442608356220100, -0.1160423987906961900 ) ) ;
#1232 = CARTESIAN_POINT ( 'NONE',  ( -1.520000000000000000, -3.299999999999999800, 4.400000000000000400 ) ) ;
#1233 = CARTESIAN_POINT ( 'NONE',  ( -0.6200000000000000000, 1.750000000000000000, -3.185000000000000100 ) ) ;
#1234 = LINE ( 'NONE', #1235, #1236 ) ;
#1235 = CARTESIAN_POINT ( 'NONE',  ( 1.119999999999999900, 1.649999999999999900, 3.200000000000000200 ) ) ;
#1236 = VECTOR ( 'NONE', #1237, 1000.000000000000000 ) ;
#1237 = DIRECTION ( 'NONE',  ( 0.0000000000000000000, 0.9927337820337082100, 0.1203313675192382200 ) ) ;
#1238 = CARTESIAN_POINT ( 'NONE',  ( 0.6200000000000000000, 1.750000000000000000, 3.169999999999999900 ) ) ;
#1239 = LINE ( 'NONE', #1242, #1243 ) ;
#1240 = VERTEX_POINT ( 'NONE', #1306 ) ;
#1241 = EDGE_CURVE ( 'NONE', #382, #459, #1307, .T. ) ;
#1242 = CARTESIAN_POINT ( 'NONE',  ( 0.6200000000000000000, 3.035892918740204500E-017, 3.000000000000000000 ) ) ;
#1243 = VECTOR ( 'NONE', #1244, 1000.000000000000000 ) ;
#1244 = DIRECTION ( 'NONE',  ( 0.0000000000000000000, 0.9927337820337082100, 0.1203313675192382200 ) ) ;
#1245 = FACE_OUTER_BOUND ( 'NONE', #580, .T. ) ;
#1246 = PLANE ( 'NONE',  #1247 ) ;
#1247 = AXIS2_PLACEMENT_3D ( 'NONE', #1248, #1249, #1250 ) ;
#1248 = CARTESIAN_POINT ( 'NONE',  ( 1.520000000000000000, -0.8000000000000000400, -4.400000000000000400 ) ) ;
#1249 = DIRECTION ( 'NONE',  ( -1.000000000000000000, -1.734723475976804900E-016, 0.0000000000000000000 ) ) ;
#1250 = DIRECTION ( 'NONE',  ( 1.734723475976804900E-016, -1.000000000000000000, 0.0000000000000000000 ) ) ;
#1251 = LINE ( 'NONE', #1252, #1253 ) ;
#1252 = CARTESIAN_POINT ( 'NONE',  ( 1.920000000000000200, 1.250000000000000000, -3.365014996781544800 ) ) ;
#1253 = VECTOR ( 'NONE', #1254, 1000.000000000000000 ) ;
#1254 = DIRECTION ( 'NONE',  ( 0.0000000000000000000, 0.9932442608356220100, 0.1160423987906961900 ) ) ;
#1255 = FACE_OUTER_BOUND ( 'NONE', #577, .T. ) ;
#1256 = PLANE ( 'NONE',  #1257 ) ;
#1257 = AXIS2_PLACEMENT_3D ( 'NONE', #1260, #1261, #1262 ) ;
#1258 = EDGE_LOOP ( 'NONE', ( #1173, #469, #377, #448 ) ) ;
#1259 = EDGE_CURVE ( 'NONE', #222, #262, #1338, .T. ) ;
#1260 = CARTESIAN_POINT ( 'NONE',  ( 1.920000000000000200, 1.750000000000000000, -3.169999999999999900 ) ) ;
#1261 = DIRECTION ( 'NONE',  ( 0.0000000000000000000, 1.000000000000000000, 0.0000000000000000000 ) ) ;
#1262 = DIRECTION ( 'NONE',  ( 0.0000000000000000000, 0.0000000000000000000, 1.000000000000000000 ) ) ;
#1263 = LINE ( 'NONE', #1264, #1265 ) ;
#1264 = CARTESIAN_POINT ( 'NONE',  ( -1.119999999999999900, 1.750000000000000000, 3.169999999999999900 ) ) ;
#1265 = VECTOR ( 'NONE', #1266, 1000.000000000000000 ) ;
#1266 = DIRECTION ( 'NONE',  ( 0.0000000000000000000, 0.0000000000000000000, -1.000000000000000000 ) ) ;
#1267 = CARTESIAN_POINT ( 'NONE',  ( -1.119999999999999900, 1.750000000000000000, -3.810000000000000100 ) ) ;
#1268 = CARTESIAN_POINT ( 'NONE',  ( 0.6200000000000000000, 1.250000000000000000, 3.365014996781544800 ) ) ;
#1269 = LINE ( 'NONE', #1270, #1271 ) ;
#1270 = CARTESIAN_POINT ( 'NONE',  ( 2.290000000000000000, 3.649999999999999900, 2.600000000000000100 ) ) ;
#1271 = VECTOR ( 'NONE', #1272, 1000.000000000000000 ) ;
#1272 = DIRECTION ( 'NONE',  ( -1.000000000000000000, 0.0000000000000000000, 0.0000000000000000000 ) ) ;
#1273 = LINE ( 'NONE', #1274, #1275 ) ;
#1274 = CARTESIAN_POINT ( 'NONE',  ( -1.020000000000000000, -0.8000000000000000400, 4.400000000000000400 ) ) ;
#1275 = VECTOR ( 'NONE', #1278, 1000.000000000000000 ) ;
#1276 = VERTEX_POINT ( 'NONE', #1346 ) ;
#1277 = ORIENTED_EDGE ( 'NONE', *, *, #105, .T. ) ;
#1278 = DIRECTION ( 'NONE',  ( 0.0000000000000000000, 0.0000000000000000000, -1.000000000000000000 ) ) ;
#1279 = CARTESIAN_POINT ( 'NONE',  ( -0.6200000000000000000, -0.8000000000000000400, -3.604519947276595200 ) ) ;
#1280 = LINE ( 'NONE', #1281, #1282 ) ;
#1281 = CARTESIAN_POINT ( 'NONE',  ( 1.520000000000000000, -3.299999999999999800, 4.400000000000000400 ) ) ;
#1282 = VECTOR ( 'NONE', #1283, 1000.000000000000000 ) ;
#1283 = DIRECTION ( 'NONE',  ( 0.0000000000000000000, 0.0000000000000000000, -1.000000000000000000 ) ) ;
#1284 = CARTESIAN_POINT ( 'NONE',  ( 0.6200000000000000000, -0.8000000000000000400, 3.604519947276595200 ) ) ;
#1285 = CARTESIAN_POINT ( 'NONE',  ( -1.020000000000000000, -3.299999999999999800, 4.400000000000000400 ) ) ;
#1286 = CARTESIAN_POINT ( 'NONE',  ( 0.6200000000000000000, -0.8000000000000000400, -4.107920792079209300 ) ) ;
#1287 = LINE ( 'NONE', #1288, #1289 ) ;
#1288 = CARTESIAN_POINT ( 'NONE',  ( -1.920000000000000200, 1.750000000000000000, -3.810000000000000100 ) ) ;
#1289 = VECTOR ( 'NONE', #1290, 1000.000000000000000 ) ;
#1290 = DIRECTION ( 'NONE',  ( 0.0000000000000000000, -0.9932442608356220100, -0.1160423987906961900 ) ) ;
#1291 = CARTESIAN_POINT ( 'NONE',  ( 1.119999999999999900, 1.250000000000000000, 3.151515151515150000 ) ) ;
#1292 = LINE ( 'NONE', #1293, #1296 ) ;
#1293 = CARTESIAN_POINT ( 'NONE',  ( 1.920000000000000200, 3.035892918740204500E-017, 3.000000000000000000 ) ) ;
#1294 = ORIENTED_EDGE ( 'NONE', *, *, #103, .F. ) ;
#1295 = VERTEX_POINT ( 'NONE', #1360 ) ;
#1296 = VECTOR ( 'NONE', #1297, 1000.000000000000000 ) ;
#1297 = DIRECTION ( 'NONE',  ( 0.0000000000000000000, 1.224606353822375800E-016, -1.000000000000000000 ) ) ;
#1298 = CARTESIAN_POINT ( 'NONE',  ( -1.520000000000000000, -0.8000000000000000400, 4.107920792079209300 ) ) ;
#1299 = CARTESIAN_POINT ( 'NONE',  ( -1.920000000000000200, -0.8000000000000000400, -4.107920792079209300 ) ) ;
#1300 = LINE ( 'NONE', #1301, #1302 ) ;
#1301 = CARTESIAN_POINT ( 'NONE',  ( 1.020000000000000000, -0.8000000000000000400, 4.400000000000000400 ) ) ;
#1302 = VECTOR ( 'NONE', #1303, 1000.000000000000000 ) ;
#1303 = DIRECTION ( 'NONE',  ( 0.0000000000000000000, 0.0000000000000000000, -1.000000000000000000 ) ) ;
#1304 = CARTESIAN_POINT ( 'NONE',  ( 1.990000000000000000, 3.649999999999999900, -2.899999999999999900 ) ) ;
#1305 = CARTESIAN_POINT ( 'NONE',  ( 1.020000000000000000, -0.8000000000000000400, -3.604519947276595200 ) ) ;
#1306 = CARTESIAN_POINT ( 'NONE',  ( -1.020000000000000000, -0.8000000000000000400, -3.604519947276595200 ) ) ;
#1307 = LINE ( 'NONE', #1308, #1309 ) ;
#1308 = CARTESIAN_POINT ( 'NONE',  ( -1.920000000000000200, -0.8000000000000000400, -4.107920792079209300 ) ) ;
#1309 = VECTOR ( 'NONE', #1310, 1000.000000000000000 ) ;
#1310 = DIRECTION ( 'NONE',  ( 1.000000000000000000, 0.0000000000000000000, 0.0000000000000000000 ) ) ;
#1311 = CARTESIAN_POINT ( 'NONE',  ( -0.6200000000000000000, 1.649999999999999900, -3.200000000000000200 ) ) ;
#1312 = VERTEX_POINT ( 'NONE', #1361 ) ;
#1313 = EDGE_CURVE ( 'NONE', #268, #214, #1366, .T. ) ;
#1314 = ADVANCED_FACE ( 'NONE', ( #1371 ), #1372, .F. ) ;
#1315 = ADVANCED_FACE ( 'NONE', ( #1377 ), #1378, .F. ) ;
#1316 = ORIENTED_EDGE ( 'NONE', *, *, #1628, .F. ) ;
#1317 = ORIENTED_EDGE ( 'NONE', *, *, #582, .F. ) ;
#1318 = LINE ( 'NONE', #1319, #1320 ) ;
#1319 = CARTESIAN_POINT ( 'NONE',  ( 1.920000000000000200, -0.8000000000000000400, 4.107920792079209300 ) ) ;
#1320 = VECTOR ( 'NONE', #1321, 1000.000000000000000 ) ;
#1321 = DIRECTION ( 'NONE',  ( -1.000000000000000000, -5.421010862427530100E-016, 6.333458235311359300E-017 ) ) ;
#1322 = LINE ( 'NONE', #1323, #1324 ) ;
#1323 = CARTESIAN_POINT ( 'NONE',  ( 0.6200000000000000000, -0.8000000000000000400, -4.400000000000000400 ) ) ;
#1324 = VECTOR ( 'NONE', #1325, 1000.000000000000000 ) ;
#1325 = DIRECTION ( 'NONE',  ( 0.0000000000000000000, 0.0000000000000000000, 1.000000000000000000 ) ) ;
#1326 = LINE ( 'NONE', #1327, #1328 ) ;
#1327 = CARTESIAN_POINT ( 'NONE',  ( 1.520000000000000000, 1.250000000000000000, 3.365014996781544800 ) ) ;
#1328 = VECTOR ( 'NONE', #1329, 1000.000000000000000 ) ;
#1329 = DIRECTION ( 'NONE',  ( -1.723004136650784900E-016, 0.9932442608356220100, -0.1160423987906961900 ) ) ;
#1330 = LINE ( 'NONE', #1331, #1332 ) ;
#1331 = CARTESIAN_POINT ( 'NONE',  ( 2.290000000000000000, 1.750000000000000000, -3.185000000000000100 ) ) ;
#1332 = VECTOR ( 'NONE', #1333, 1000.000000000000000 ) ;
#1333 = DIRECTION ( 'NONE',  ( -1.000000000000000000, 0.0000000000000000000, 0.0000000000000000000 ) ) ;
#1334 = LINE ( 'NONE', #1335, #1336 ) ;
#1335 = CARTESIAN_POINT ( 'NONE',  ( 0.6200000000000000000, 1.649999999999999900, 3.200000000000000200 ) ) ;
#1336 = VECTOR ( 'NONE', #1337, 1000.000000000000100 ) ;
#1337 = DIRECTION ( 'NONE',  ( 0.0000000000000000000, 0.9578262852211512100, -0.2873478855663456100 ) ) ;
#1338 = LINE ( 'NONE', #1339, #1340 ) ;
#1339 = CARTESIAN_POINT ( 'NONE',  ( 1.920000000000000200, 1.250000000000000000, -3.365014996781544800 ) ) ;
#1340 = VECTOR ( 'NONE', #1341, 1000.000000000000000 ) ;
#1341 = DIRECTION ( 'NONE',  ( -1.000000000000000000, 0.0000000000000000000, 0.0000000000000000000 ) ) ;
#1342 = LINE ( 'NONE', #1343, #1344 ) ;
#1343 = CARTESIAN_POINT ( 'NONE',  ( -1.920000000000000200, -0.8000000000000000400, 4.107920792079209300 ) ) ;
#1344 = VECTOR ( 'NONE', #1345, 1000.000000000000000 ) ;
#1345 = DIRECTION ( 'NONE',  ( -1.000000000000000000, 5.421010862427530100E-016, -6.333458235311359300E-017 ) ) ;
#1346 = CARTESIAN_POINT ( 'NONE',  ( 1.920000000000000200, -0.8000000000000000400, -3.604519947276595200 ) ) ;
#1347 = LINE ( 'NONE', #1348, #1349 ) ;
#1348 = CARTESIAN_POINT ( 'NONE',  ( -1.119999999999999900, 1.750000000000000000, -3.185000000000000100 ) ) ;
#1349 = VECTOR ( 'NONE', #1352, 1000.000000000000000 ) ;
#1350 = ORIENTED_EDGE ( 'NONE', *, *, #586, .F. ) ;
#1351 = ORIENTED_EDGE ( 'NONE', *, *, #1626, .F. ) ;
#1352 = DIRECTION ( 'NONE',  ( 0.0000000000000000000, 0.0000000000000000000, 1.000000000000000000 ) ) ;
#1353 = CARTESIAN_POINT ( 'NONE',  ( 1.119999999999999900, 1.750000000000000000, 3.169999999999999900 ) ) ;
#1354 = LINE ( 'NONE', #1355, #1356 ) ;
#1355 = CARTESIAN_POINT ( 'NONE',  ( -2.197370786516855500, 2.267528089887640400, 3.014741573033709700 ) ) ;
#1356 = VECTOR ( 'NONE', #1357, 1000.000000000000000 ) ;
#1357 = DIRECTION ( 'NONE',  ( -0.1422136389419929300, -0.9480909262799545000, 0.2844272778839863600 ) ) ;
#1358 = CARTESIAN_POINT ( 'NONE',  ( -1.119999999999999900, 1.649999999999999900, -3.200000000000000200 ) ) ;
#1359 = CARTESIAN_POINT ( 'NONE',  ( 1.520000000000000000, -0.8000000000000000400, -4.107920792079209300 ) ) ;
#1360 = CARTESIAN_POINT ( 'NONE',  ( 1.520000000000000000, -3.299999999999999800, -4.400000000000000400 ) ) ;
#1361 = CARTESIAN_POINT ( 'NONE',  ( -1.119999999999999900, 1.159843986584660100E-016, 4.014455445544554900 ) ) ;
#1362 = LINE ( 'NONE', #1363, #1364 ) ;
#1363 = CARTESIAN_POINT ( 'NONE',  ( 1.920000000000000200, -9.387192924095540700E-017, -4.400000000000000400 ) ) ;
#1364 = VECTOR ( 'NONE', #1365, 1000.000000000000000 ) ;
#1365 = DIRECTION ( 'NONE',  ( 0.0000000000000000000, 0.0000000000000000000, 1.000000000000000000 ) ) ;
#1366 = LINE ( 'NONE', #1367, #1369 ) ;
#1367 = CARTESIAN_POINT ( 'NONE',  ( 0.6200000000000000000, 1.750000000000000000, -3.169999999999999900 ) ) ;
#1368 = ORIENTED_EDGE ( 'NONE', *, *, #326, .T. ) ;
#1369 = VECTOR ( 'NONE', #1370, 1000.000000000000000 ) ;
#1370 = DIRECTION ( 'NONE',  ( 0.0000000000000000000, 0.0000000000000000000, -1.000000000000000000 ) ) ;
#1371 = FACE_OUTER_BOUND ( 'NONE', #331, .T. ) ;
#1372 = PLANE ( 'NONE',  #1373 ) ;
#1373 = AXIS2_PLACEMENT_3D ( 'NONE', #1374, #1375, #1376 ) ;
#1374 = CARTESIAN_POINT ( 'NONE',  ( -1.020000000000000000, -0.8000000000000000400, 4.400000000000000400 ) ) ;
#1375 = DIRECTION ( 'NONE',  ( -1.000000000000000000, 8.673617379884039200E-017, 0.0000000000000000000 ) ) ;
#1376 = DIRECTION ( 'NONE',  ( -8.673617379884039200E-017, -1.000000000000000000, 0.0000000000000000000 ) ) ;
#1377 = FACE_OUTER_BOUND ( 'NONE', #286, .T. ) ;
#1378 = PLANE ( 'NONE',  #1379 ) ;
#1379 = AXIS2_PLACEMENT_3D ( 'NONE', #1380, #1381, #1382 ) ;
#1380 = CARTESIAN_POINT ( 'NONE',  ( 1.520000000000000000, -0.8000000000000000400, -4.400000000000000400 ) ) ;
#1381 = DIRECTION ( 'NONE',  ( 0.0000000000000000000, 1.000000000000000000, 0.0000000000000000000 ) ) ;
#1382 = DIRECTION ( 'NONE',  ( 0.0000000000000000000, 0.0000000000000000000, 1.000000000000000000 ) ) ;
#1383 = CARTESIAN_POINT ( 'NONE',  ( -1.020000000000000000, -3.299999999999999800, -3.896599155197384900 ) ) ;
#1384 = LINE ( 'NONE', #1388, #1389 ) ;
#1385 = EDGE_LOOP ( 'NONE', ( #137, #159, #65, #515 ) ) ;
#1386 = VERTEX_POINT ( 'NONE', #1411 ) ;
#1387 = EDGE_CURVE ( 'NONE', #1558, #520, #1416, .T. ) ;
#1388 = CARTESIAN_POINT ( 'NONE',  ( 1.020000000000000000, 1.750000000000000000, -3.810000000000000100 ) ) ;
#1389 = VECTOR ( 'NONE', #1390, 1000.000000000000000 ) ;
#1390 = DIRECTION ( 'NONE',  ( 8.615020683253919600E-017, -0.9932442608356220100, -0.1160423987906961900 ) ) ;
#1391 = CARTESIAN_POINT ( 'NONE',  ( 1.990000000000000000, 3.649999999999999900, 2.600000000000000100 ) ) ;
#1392 = FACE_OUTER_BOUND ( 'NONE', #535, .T. ) ;
#1393 = PLANE ( 'NONE',  #1394 ) ;
#1394 = AXIS2_PLACEMENT_3D ( 'NONE', #1395, #1396, #1397 ) ;
#1395 = CARTESIAN_POINT ( 'NONE',  ( 1.520000000000000000, -0.8000000000000000400, 4.400000000000000400 ) ) ;
#1396 = DIRECTION ( 'NONE',  ( 1.000000000000000000, 1.734723475976804900E-016, 0.0000000000000000000 ) ) ;
#1397 = DIRECTION ( 'NONE',  ( -1.734723475976804900E-016, 1.000000000000000000, 0.0000000000000000000 ) ) ;
#1398 = LINE ( 'NONE', #1399, #1400 ) ;
#1399 = CARTESIAN_POINT ( 'NONE',  ( -0.6200000000000000000, 1.649999999999999900, -3.200000000000000200 ) ) ;
#1400 = VECTOR ( 'NONE', #1401, 999.9999999999998900 ) ;
#1401 = DIRECTION ( 'NONE',  ( 0.0000000000000000000, 0.9927337820337083200, -0.1203313675192376300 ) ) ;
#1402 = LINE ( 'NONE', #1403, #1405 ) ;
#1403 = CARTESIAN_POINT ( 'NONE',  ( -0.6200000000000000000, 3.649999999999999900, -2.899999999999999900 ) ) ;
#1404 = EDGE_CURVE ( 'NONE', #376, #2049, #1426, .T. ) ;
#1405 = VECTOR ( 'NONE', #1406, 1000.000000000000000 ) ;
#1406 = DIRECTION ( 'NONE',  ( 0.0000000000000000000, 0.9889363528682975100, 0.1483404529302449200 ) ) ;
#1407 = LINE ( 'NONE', #1408, #1409 ) ;
#1408 = CARTESIAN_POINT ( 'NONE',  ( 1.920000000000000200, 1.250000000000000000, 3.365014996781544800 ) ) ;
#1409 = VECTOR ( 'NONE', #1410, 1000.000000000000000 ) ;
#1410 = DIRECTION ( 'NONE',  ( 0.0000000000000000000, 0.9932442608356220100, -0.1160423987906961900 ) ) ;
#1411 = CARTESIAN_POINT ( 'NONE',  ( 1.520000000000000000, -0.8000000000000000400, 3.604519947276595200 ) ) ;
#1412 = LINE ( 'NONE', #1413, #1414 ) ;
#1413 = CARTESIAN_POINT ( 'NONE',  ( -1.920000000000000200, -0.8000000000000000400, -3.604519947276595200 ) ) ;
#1414 = VECTOR ( 'NONE', #1415, 1000.000000000000000 ) ;
#1415 = DIRECTION ( 'NONE',  ( -1.000000000000000000, 0.0000000000000000000, 0.0000000000000000000 ) ) ;
#1416 = LINE ( 'NONE', #1417, #1418 ) ;
#1417 = CARTESIAN_POINT ( 'NONE',  ( -1.920000000000000200, 0.0000000000000000000, 3.511054600741940300 ) ) ;
#1418 = VECTOR ( 'NONE', #1419, 1000.000000000000000 ) ;
#1419 = DIRECTION ( 'NONE',  ( -1.000000000000000000, 0.0000000000000000000, 0.0000000000000000000 ) ) ;
#1420 = FACE_OUTER_BOUND ( 'NONE', #442, .T. ) ;
#1421 = PLANE ( 'NONE',  #1422 ) ;
#1422 = AXIS2_PLACEMENT_3D ( 'NONE', #1423, #1424, #1425 ) ;
#1423 = CARTESIAN_POINT ( 'NONE',  ( -1.920000000000000200, 1.250000000000000000, 3.151515151515150000 ) ) ;
#1424 = DIRECTION ( 'NONE',  ( 0.0000000000000000000, -1.000000000000000000, 0.0000000000000000000 ) ) ;
#1425 = DIRECTION ( 'NONE',  ( 0.0000000000000000000, 0.0000000000000000000, -1.000000000000000000 ) ) ;
#1426 = LINE ( 'NONE', #1427, #1428 ) ;
#1427 = CARTESIAN_POINT ( 'NONE',  ( 1.920000000000000200, -0.8000000000000000400, -4.107920792079209300 ) ) ;
#1428 = VECTOR ( 'NONE', #1429, 1000.000000000000000 ) ;
#1429 = DIRECTION ( 'NONE',  ( 1.000000000000000000, 5.421010862427530100E-016, 6.333458235311359300E-017 ) ) ;
#1430 = FACE_OUTER_BOUND ( 'NONE', #412, .T. ) ;
#1431 = PLANE ( 'NONE',  #1432 ) ;
#1432 = AXIS2_PLACEMENT_3D ( 'NONE', #1433, #1434, #1435 ) ;
#1433 = CARTESIAN_POINT ( 'NONE',  ( -1.520000000000000000, -0.8000000000000000400, -4.400000000000000400 ) ) ;
#1434 = DIRECTION ( 'NONE',  ( 0.0000000000000000000, -1.000000000000000000, 0.0000000000000000000 ) ) ;
#1435 = DIRECTION ( 'NONE',  ( 0.0000000000000000000, 0.0000000000000000000, -1.000000000000000000 ) ) ;
#1436 = LINE ( 'NONE', #1438, #1439 ) ;
#1437 = EDGE_CURVE ( 'NONE', #561, #81, #1436, .T. ) ;
#1438 = CARTESIAN_POINT ( 'NONE',  ( 1.920000000000000200, -0.8000000000000000400, 4.400000000000000400 ) ) ;
#1439 = VECTOR ( 'NONE', #1440, 1000.000000000000000 ) ;
#1440 = DIRECTION ( 'NONE',  ( 0.0000000000000000000, 0.0000000000000000000, -1.000000000000000000 ) ) ;
#1441 = LINE ( 'NONE', #1442, #1443 ) ;
#1442 = CARTESIAN_POINT ( 'NONE',  ( 1.920000000000000200, 1.750000000000000000, 3.810000000000000100 ) ) ;
#1443 = VECTOR ( 'NONE', #1444, 1000.000000000000000 ) ;
#1444 = DIRECTION ( 'NONE',  ( 0.0000000000000000000, -0.9932442608356220100, 0.1160423987906961900 ) ) ;
#1445 = CARTESIAN_POINT ( 'NONE',  ( -1.920000000000000200, 5.902625189167040500E-016, -3.511054600741940300 ) ) ;
#1446 = LINE ( 'NONE', #1447, #1448 ) ;
#1447 = CARTESIAN_POINT ( 'NONE',  ( -1.920000000000000200, 6.505213034913029600E-016, -3.511054600741940300 ) ) ;
#1448 = VECTOR ( 'NONE', #1449, 1000.000000000000000 ) ;
#1449 = DIRECTION ( 'NONE',  ( 1.000000000000000000, 0.0000000000000000000, 0.0000000000000000000 ) ) ;
#1450 = LINE ( 'NONE', #1451, #1452 ) ;
#1451 = CARTESIAN_POINT ( 'NONE',  ( 0.6200000000000000000, 1.750000000000000000, 3.810000000000000100 ) ) ;
#1452 = VECTOR ( 'NONE', #1453, 1000.000000000000000 ) ;
#1453 = DIRECTION ( 'NONE',  ( 0.0000000000000000000, -0.9932442608356220100, 0.1160423987906961900 ) ) ;
#1454 = EDGE_CURVE ( 'NONE', #348, #204, #1457, .T. ) ;
#1455 = EDGE_CURVE ( 'NONE', #2024, #104, #1461, .T. ) ;
#1456 = EDGE_CURVE ( 'NONE', #144, #314, #1465, .T. ) ;
#1457 = LINE ( 'NONE', #1458, #1459 ) ;
#1458 = CARTESIAN_POINT ( 'NONE',  ( 1.920000000000000200, -3.299999999999999800, 3.896599155197384900 ) ) ;
#1459 = VECTOR ( 'NONE', #1460, 1000.000000000000000 ) ;
#1460 = DIRECTION ( 'NONE',  ( -1.000000000000000000, 0.0000000000000000000, 0.0000000000000000000 ) ) ;
#1461 = LINE ( 'NONE', #1462, #1463 ) ;
#1462 = CARTESIAN_POINT ( 'NONE',  ( -1.920000000000000200, 1.250000000000000000, 3.365014996781544800 ) ) ;
#1463 = VECTOR ( 'NONE', #1464, 1000.000000000000000 ) ;
#1464 = DIRECTION ( 'NONE',  ( 1.000000000000000000, 0.0000000000000000000, 0.0000000000000000000 ) ) ;
#1465 = LINE ( 'NONE', #1466, #1467 ) ;
#1466 = CARTESIAN_POINT ( 'NONE',  ( -1.920000000000000200, 3.280814189504690200E-017, -5.200000000000000200 ) ) ;
#1467 = VECTOR ( 'NONE', #1468, 1000.000000000000000 ) ;
#1468 = DIRECTION ( 'NONE',  ( 0.0000000000000000000, -3.300606267476389700E-016, -1.000000000000000000 ) ) ;
#1469 = LINE ( 'NONE', #1470, #1471 ) ;
#1470 = CARTESIAN_POINT ( 'NONE',  ( -1.920000000000000200, 4.336808689942019700E-016, -4.014455445544554900 ) ) ;
#1471 = VECTOR ( 'NONE', #1472, 1000.000000000000000 ) ;
#1472 = DIRECTION ( 'NONE',  ( -1.000000000000000000, 0.0000000000000000000, 0.0000000000000000000 ) ) ;
#1473 = EDGE_CURVE ( 'NONE', #255, #314, #1469, .T. ) ;
#1474 = ORIENTED_EDGE ( 'NONE', *, *, #25, .F. ) ;
#1475 = LINE ( 'NONE', #1476, #1477 ) ;
#1476 = CARTESIAN_POINT ( 'NONE',  ( 1.920000000000000200, 1.250000000000000000, 3.151515151515150000 ) ) ;
#1477 = VECTOR ( 'NONE', #1478, 1000.000000000000000 ) ;
#1478 = DIRECTION ( 'NONE',  ( -1.000000000000000000, 0.0000000000000000000, 0.0000000000000000000 ) ) ;
#1479 = FACE_OUTER_BOUND ( 'NONE', #47, .T. ) ;
#1480 = PLANE ( 'NONE',  #1481 ) ;
#1481 = AXIS2_PLACEMENT_3D ( 'NONE', #1482, #1483, #1484 ) ;
#1482 = CARTESIAN_POINT ( 'NONE',  ( 2.290000000000000000, 1.649999999999999900, -3.200000000000000200 ) ) ;
#1483 = DIRECTION ( 'NONE',  ( 0.0000000000000000000, 0.1203313675192376300, 0.9927337820337083200 ) ) ;
#1484 = DIRECTION ( 'NONE',  ( 0.0000000000000000000, -0.9927337820337083200, 0.1203313675192376300 ) ) ;
#1485 = FACE_OUTER_BOUND ( 'NONE', #315, .T. ) ;
#1486 = PLANE ( 'NONE',  #1487 ) ;
#1487 = AXIS2_PLACEMENT_3D ( 'NONE', #1488, #1489, #1490 ) ;
#1488 = CARTESIAN_POINT ( 'NONE',  ( -0.6200000000000000000, -0.8000000000000000400, 4.400000000000000400 ) ) ;
#1489 = DIRECTION ( 'NONE',  ( 5.421010862427530100E-016, 1.000000000000000000, 0.0000000000000000000 ) ) ;
#1490 = DIRECTION ( 'NONE',  ( -1.000000000000000000, 5.421010862427530100E-016, 0.0000000000000000000 ) ) ;
#1491 = LINE ( 'NONE', #1492, #1493 ) ;
#1492 = CARTESIAN_POINT ( 'NONE',  ( -1.920000000000000200, 7.566936427883000000E-017, -4.400000000000000400 ) ) ;
#1493 = VECTOR ( 'NONE', #1494, 1000.000000000000000 ) ;
#1494 = DIRECTION ( 'NONE',  ( 0.0000000000000000000, 0.0000000000000000000, 1.000000000000000000 ) ) ;
#1495 = FACE_OUTER_BOUND ( 'NONE', #108, .T. ) ;
#1496 = PLANE ( 'NONE',  #1497 ) ;
#1497 = AXIS2_PLACEMENT_3D ( 'NONE', #1498, #1499, #1500 ) ;
#1498 = CARTESIAN_POINT ( 'NONE',  ( -0.6200000000000000000, 1.250000000000000000, -3.151515151515150000 ) ) ;
#1499 = DIRECTION ( 'NONE',  ( 1.000000000000000000, 0.0000000000000000000, 0.0000000000000000000 ) ) ;
#1500 = DIRECTION ( 'NONE',  ( 0.0000000000000000000, 0.0000000000000000000, -1.000000000000000000 ) ) ;
#1501 = CARTESIAN_POINT ( 'NONE',  ( -1.119999999999999900, 1.122308426706546000E-016, 3.511054600741940300 ) ) ;
#1502 = FACE_OUTER_BOUND ( 'NONE', #168, .T. ) ;
#1503 = PLANE ( 'NONE',  #1504 ) ;
#1504 = AXIS2_PLACEMENT_3D ( 'NONE', #1505, #1506, #1509 ) ;
#1505 = CARTESIAN_POINT ( 'NONE',  ( -2.290000000000000000, 1.649999999999999900, -4.400000000000000400 ) ) ;
#1506 = DIRECTION ( 'NONE',  ( 0.9889363528682976200, -0.1483404529302441400, 0.0000000000000000000 ) ) ;
#1507 = ORIENTED_EDGE ( 'NONE', *, *, #179, .T. ) ;
#1508 = ORIENTED_EDGE ( 'NONE', *, *, #319, .F. ) ;
#1509 = DIRECTION ( 'NONE',  ( 0.1483404529302441400, 0.9889363528682976200, 0.0000000000000000000 ) ) ;
#1510 = FACE_OUTER_BOUND ( 'NONE', #181, .T. ) ;
#1511 = PLANE ( 'NONE',  #1512 ) ;
#1512 = AXIS2_PLACEMENT_3D ( 'NONE', #1513, #1514, #1515 ) ;
#1513 = CARTESIAN_POINT ( 'NONE',  ( -0.6200000000000000000, -0.8000000000000000400, -4.400000000000000400 ) ) ;
#1514 = DIRECTION ( 'NONE',  ( -5.421010862427530100E-016, -1.000000000000000000, 0.0000000000000000000 ) ) ;
#1515 = DIRECTION ( 'NONE',  ( 1.000000000000000000, -5.421010862427530100E-016, 0.0000000000000000000 ) ) ;
#1516 = LINE ( 'NONE', #1517, #1518 ) ;
#1517 = CARTESIAN_POINT ( 'NONE',  ( 2.290000000000000000, 7.651227414808279900E-016, -3.000000000000000000 ) ) ;
#1518 = VECTOR ( 'NONE', #1519, 1000.000000000000000 ) ;
#1519 = DIRECTION ( 'NONE',  ( -1.000000000000000000, 0.0000000000000000000, 0.0000000000000000000 ) ) ;
#1520 = FACE_OUTER_BOUND ( 'NONE', #1258, .T. ) ;
#1521 = PLANE ( 'NONE',  #1522 ) ;
#1522 = AXIS2_PLACEMENT_3D ( 'NONE', #1523, #1524, #1525 ) ;
#1523 = CARTESIAN_POINT ( 'NONE',  ( 2.290000000000000000, 7.651227414808279900E-016, -3.000000000000000000 ) ) ;
#1524 = DIRECTION ( 'NONE',  ( 0.0000000000000000000, 1.000000000000000000, 1.224606353822375800E-016 ) ) ;
#1525 = DIRECTION ( 'NONE',  ( 0.0000000000000000000, -1.224606353822375800E-016, 1.000000000000000000 ) ) ;
#1526 = LINE ( 'NONE', #1527, #1528 ) ;
#1527 = CARTESIAN_POINT ( 'NONE',  ( -1.119999999999999900, 3.280814189504690200E-017, -5.200000000000000200 ) ) ;
#1528 = VECTOR ( 'NONE', #1529, 1000.000000000000000 ) ;
#1529 = DIRECTION ( 'NONE',  ( 0.0000000000000000000, -3.300606267476389700E-016, -1.000000000000000000 ) ) ;
#1530 = FACE_OUTER_BOUND ( 'NONE', #117, .T. ) ;
#1531 = PLANE ( 'NONE',  #1532 ) ;
#1532 = AXIS2_PLACEMENT_3D ( 'NONE', #1533, #1534, #1535 ) ;
#1533 = CARTESIAN_POINT ( 'NONE',  ( 1.920000000000000200, 1.750000000000000000, 3.169999999999999900 ) ) ;
#1534 = DIRECTION ( 'NONE',  ( 0.0000000000000000000, -1.000000000000000000, 0.0000000000000000000 ) ) ;
#1535 = DIRECTION ( 'NONE',  ( 0.0000000000000000000, 0.0000000000000000000, -1.000000000000000000 ) ) ;
#1536 = CARTESIAN_POINT ( 'NONE',  ( -1.520000000000000000, -3.299999999999999800, 3.896599155197384900 ) ) ;
#1537 = LINE ( 'NONE', #1538, #1539 ) ;
#1538 = CARTESIAN_POINT ( 'NONE',  ( 0.6200000000000000000, 1.250000000000000000, -3.151515151515150000 ) ) ;
#1539 = VECTOR ( 'NONE', #1540, 1000.000000000000000 ) ;
#1540 = DIRECTION ( 'NONE',  ( 0.0000000000000000000, 0.0000000000000000000, 1.000000000000000000 ) ) ;
#1541 = ORIENTED_EDGE ( 'NONE', *, *, #1387, .F. ) ;
#1542 = LINE ( 'NONE', #1543, #1544 ) ;
#1543 = CARTESIAN_POINT ( 'NONE',  ( -1.020000000000000000, -0.8000000000000000400, -4.400000000000000400 ) ) ;
#1544 = VECTOR ( 'NONE', #1545, 1000.000000000000000 ) ;
#1545 = DIRECTION ( 'NONE',  ( 0.0000000000000000000, 0.0000000000000000000, 1.000000000000000000 ) ) ;
#1546 = FACE_OUTER_BOUND ( 'NONE', #9, .T. ) ;
#1547 = PLANE ( 'NONE',  #1548 ) ;
#1548 = AXIS2_PLACEMENT_3D ( 'NONE', #1549, #1550, #1551 ) ;
#1549 = CARTESIAN_POINT ( 'NONE',  ( 1.920000000000000200, -3.299999999999999800, -4.400000000000000400 ) ) ;
#1550 = DIRECTION ( 'NONE',  ( 0.0000000000000000000, -1.000000000000000000, -1.723004136650785000E-015 ) ) ;
#1551 = DIRECTION ( 'NONE',  ( 0.0000000000000000000, 1.723004136650785000E-015, -1.000000000000000000 ) ) ;
#1552 = LINE ( 'NONE', #1553, #1554 ) ;
#1553 = CARTESIAN_POINT ( 'NONE',  ( -1.119999999999999900, 3.280814189504680300E-017, 5.200000000000000200 ) ) ;
#1554 = VECTOR ( 'NONE', #1555, 1000.000000000000000 ) ;
#1555 = DIRECTION ( 'NONE',  ( 0.0000000000000000000, 1.491279177047579900E-017, 1.000000000000000000 ) ) ;
#1556 = LINE ( 'NONE', #1557, #1560 ) ;
#1557 = CARTESIAN_POINT ( 'NONE',  ( -1.920000000000000200, -0.8000000000000000400, 4.400000000000000400 ) ) ;
#1558 = VERTEX_POINT ( 'NONE', #1501 ) ;
#1559 = ORIENTED_EDGE ( 'NONE', *, *, #333, .T. ) ;
#1560 = VECTOR ( 'NONE', #1561, 1000.000000000000000 ) ;
#1561 = DIRECTION ( 'NONE',  ( 0.0000000000000000000, 0.0000000000000000000, -1.000000000000000000 ) ) ;
#1562 = CARTESIAN_POINT ( 'NONE',  ( -0.6200000000000000000, 1.750000000000000000, -3.810000000000000100 ) ) ;
#1563 = CARTESIAN_POINT ( 'NONE',  ( -1.520000000000000000, -0.8000000000000000400, -4.107920792079209300 ) ) ;
#1564 = FACE_OUTER_BOUND ( 'NONE', #192, .T. ) ;
#1565 = PLANE ( 'NONE',  #1566 ) ;
#1566 = AXIS2_PLACEMENT_3D ( 'NONE', #1567, #1568, #1569 ) ;
#1567 = CARTESIAN_POINT ( 'NONE',  ( 0.6200000000000000000, 1.250000000000000000, -3.151515151515150000 ) ) ;
#1568 = DIRECTION ( 'NONE',  ( -1.000000000000000000, 0.0000000000000000000, 0.0000000000000000000 ) ) ;
#1569 = DIRECTION ( 'NONE',  ( 0.0000000000000000000, 0.0000000000000000000, -1.000000000000000000 ) ) ;
#1570 = LINE ( 'NONE', #1571, #1572 ) ;
#1571 = CARTESIAN_POINT ( 'NONE',  ( -1.119999999999999900, 1.250000000000000000, 3.365014996781544800 ) ) ;
#1572 = VECTOR ( 'NONE', #1573, 1000.000000000000000 ) ;
#1573 = DIRECTION ( 'NONE',  ( 0.0000000000000000000, -0.9932442608356220100, 0.1160423987906961900 ) ) ;
#1574 = LINE ( 'NONE', #1575, #1577 ) ;
#1575 = CARTESIAN_POINT ( 'NONE',  ( -1.119999999999999900, 7.589415207398530100E-016, -3.000000000000000000 ) ) ;
#1576 = ORIENTED_EDGE ( 'NONE', *, *, #2032, .T. ) ;
#1577 = VECTOR ( 'NONE', #1578, 999.9999999999998900 ) ;
#1578 = DIRECTION ( 'NONE',  ( 0.0000000000000000000, -0.9927337820337083200, 0.1203313675192376300 ) ) ;
#1579 = CARTESIAN_POINT ( 'NONE',  ( 1.920000000000000200, -3.222514193447190500E-017, 3.511054600741940300 ) ) ;
#1580 = LINE ( 'NONE', #1581, #1582 ) ;
#1581 = CARTESIAN_POINT ( 'NONE',  ( 1.920000000000000200, 4.336808689942019700E-016, -4.014455445544554900 ) ) ;
#1582 = VECTOR ( 'NONE', #1583, 1000.000000000000000 ) ;
#1583 = DIRECTION ( 'NONE',  ( -1.000000000000000000, 0.0000000000000000000, 0.0000000000000000000 ) ) ;
#1584 = CARTESIAN_POINT ( 'NONE',  ( 1.119999999999999900, 1.750000000000000000, -3.185000000000000100 ) ) ;
#1585 = FACE_OUTER_BOUND ( 'NONE', #269, .T. ) ;
#1586 = PLANE ( 'NONE',  #1587 ) ;
#1587 = AXIS2_PLACEMENT_3D ( 'NONE', #1588, #1589, #1590 ) ;
#1588 = CARTESIAN_POINT ( 'NONE',  ( -1.920000000000000200, 1.250000000000000000, 3.365014996781544800 ) ) ;
#1589 = DIRECTION ( 'NONE',  ( 0.0000000000000000000, -0.1160423987906961900, -0.9932442608356220100 ) ) ;
#1590 = DIRECTION ( 'NONE',  ( 0.0000000000000000000, 0.9932442608356220100, -0.1160423987906961900 ) ) ;
#1591 = FACE_OUTER_BOUND ( 'NONE', #1969, .T. ) ;
#1592 = PLANE ( 'NONE',  #1594 ) ;
#1593 = ORIENTED_EDGE ( 'NONE', *, *, #604, .T. ) ;
#1594 = AXIS2_PLACEMENT_3D ( 'NONE', #1595, #1596, #1597 ) ;
#1595 = CARTESIAN_POINT ( 'NONE',  ( 2.290000000000000000, 1.649999999999999900, -4.400000000000000400 ) ) ;
#1596 = DIRECTION ( 'NONE',  ( -0.9757678120177226700, 0.2188085396645804400, 0.0000000000000000000 ) ) ;
#1597 = DIRECTION ( 'NONE',  ( -0.2188085396645804100, -0.9757678120177225600, 0.0000000000000000000 ) ) ;
#1598 = LINE ( 'NONE', #1599, #1600 ) ;
#1599 = CARTESIAN_POINT ( 'NONE',  ( 1.119999999999999900, 1.250000000000000000, 3.365014996781544800 ) ) ;
#1600 = VECTOR ( 'NONE', #1601, 1000.000000000000000 ) ;
#1601 = DIRECTION ( 'NONE',  ( 0.0000000000000000000, 0.9932442608356220100, -0.1160423987906961900 ) ) ;
#1602 = CARTESIAN_POINT ( 'NONE',  ( 2.290000000000000000, 1.649999999999999900, -3.200000000000000200 ) ) ;
#1603 = LINE ( 'NONE', #1604, #1605 ) ;
#1604 = CARTESIAN_POINT ( 'NONE',  ( -0.6200000000000000000, 1.250000000000000000, 3.151515151515150000 ) ) ;
#1605 = VECTOR ( 'NONE', #1606, 1000.000000000000000 ) ;
#1606 = DIRECTION ( 'NONE',  ( 0.0000000000000000000, 0.0000000000000000000, -1.000000000000000000 ) ) ;
#1607 = LINE ( 'NONE', #1608, #1609 ) ;
#1608 = CARTESIAN_POINT ( 'NONE',  ( -0.6200000000000000000, 1.750000000000000000, -3.169999999999999900 ) ) ;
#1609 = VECTOR ( 'NONE', #1610, 1000.000000000000000 ) ;
#1610 = DIRECTION ( 'NONE',  ( 0.0000000000000000000, 0.0000000000000000000, -1.000000000000000000 ) ) ;
#1611 = LINE ( 'NONE', #1612, #1613 ) ;
#1612 = CARTESIAN_POINT ( 'NONE',  ( -1.920000000000000200, 1.250000000000000000, -3.365014996781544800 ) ) ;
#1613 = VECTOR ( 'NONE', #1614, 1000.000000000000000 ) ;
#1614 = DIRECTION ( 'NONE',  ( 1.000000000000000000, 0.0000000000000000000, 0.0000000000000000000 ) ) ;
#1615 = CARTESIAN_POINT ( 'NONE',  ( -1.920000000000000200, -0.8000000000000000400, 3.604519947276595200 ) ) ;
#1616 = FACE_OUTER_BOUND ( 'NONE', #254, .T. ) ;
#1617 = PLANE ( 'NONE',  #1618 ) ;
#1618 = AXIS2_PLACEMENT_3D ( 'NONE', #1619, #1620, #1621 ) ;
#1619 = CARTESIAN_POINT ( 'NONE',  ( -1.119999999999999900, 1.036439028048052000E-017, 3.694999999999999800 ) ) ;
#1620 = DIRECTION ( 'NONE',  ( 1.000000000000000000, 0.0000000000000000000, 0.0000000000000000000 ) ) ;
#1621 = DIRECTION ( 'NONE',  ( 0.0000000000000000000, 0.0000000000000000000, -1.000000000000000000 ) ) ;
#1622 = LINE ( 'NONE', #1623, #1624 ) ;
#1623 = CARTESIAN_POINT ( 'NONE',  ( -1.920000000000000200, 1.750000000000000000, 3.810000000000000100 ) ) ;
#1624 = VECTOR ( 'NONE', #1625, 1000.000000000000000 ) ;
#1625 = DIRECTION ( 'NONE',  ( 1.000000000000000000, 0.0000000000000000000, 0.0000000000000000000 ) ) ;
#1626 = EDGE_CURVE ( 'NONE', #1558, #1312, #1552, .T. ) ;
#1627 = ORIENTED_EDGE ( 'NONE', *, *, #90, .T. ) ;
#1628 = EDGE_CURVE ( 'NONE', #223, #477, #1556, .T. ) ;
#1629 = LINE ( 'NONE', #1630, #1631 ) ;
#1630 = CARTESIAN_POINT ( 'NONE',  ( 1.119999999999999900, 7.589415207398530100E-016, -3.000000000000000000 ) ) ;
#1631 = VECTOR ( 'NONE', #1632, 999.9999999999998900 ) ;
#1632 = DIRECTION ( 'NONE',  ( 0.0000000000000000000, -0.9927337820337083200, 0.1203313675192376300 ) ) ;
#1633 = LINE ( 'NONE', #1634, #1635 ) ;
#1634 = CARTESIAN_POINT ( 'NONE',  ( -1.920000000000000200, 1.250000000000000000, -3.151515151515150000 ) ) ;
#1635 = VECTOR ( 'NONE', #1636, 1000.000000000000000 ) ;
#1636 = DIRECTION ( 'NONE',  ( 1.000000000000000000, 0.0000000000000000000, 0.0000000000000000000 ) ) ;
#1637 = FACE_OUTER_BOUND ( 'NONE', #2022, .T. ) ;
#1638 = PLANE ( 'NONE',  #1639 ) ;
#1639 = AXIS2_PLACEMENT_3D ( 'NONE', #1640, #1641, #1642 ) ;
#1640 = CARTESIAN_POINT ( 'NONE',  ( 1.990000000000000000, 3.649999999999999900, -4.400000000000000400 ) ) ;
#1641 = DIRECTION ( 'NONE',  ( -0.9889363528682975100, -0.1483404529302443400, 0.0000000000000000000 ) ) ;
#1642 = DIRECTION ( 'NONE',  ( 0.1483404529302443400, -0.9889363528682975100, 0.0000000000000000000 ) ) ;
#1643 = FACE_OUTER_BOUND ( 'NONE', #540, .T. ) ;
#1644 = PLANE ( 'NONE',  #1647 ) ;
#1645 = ADVANCED_FACE ( 'NONE', ( #1564 ), #1565, .T. ) ;
#1646 = VERTEX_POINT ( 'NONE', #1579 ) ;
#1647 = AXIS2_PLACEMENT_3D ( 'NONE', #1648, #1649, #1650 ) ;
#1648 = CARTESIAN_POINT ( 'NONE',  ( 1.119999999999999900, 1.750000000000000000, -3.185000000000000100 ) ) ;
#1649 = DIRECTION ( 'NONE',  ( -1.000000000000000000, 0.0000000000000000000, 0.0000000000000000000 ) ) ;
#1650 = DIRECTION ( 'NONE',  ( 0.0000000000000000000, 0.0000000000000000000, 1.000000000000000000 ) ) ;
#1651 = CARTESIAN_POINT ( 'NONE',  ( -1.020000000000000000, -0.8000000000000000400, 4.107920792079209300 ) ) ;
#1652 = LINE ( 'NONE', #1653, #1654 ) ;
#1653 = CARTESIAN_POINT ( 'NONE',  ( -1.920000000000000200, -3.299999999999999800, -3.896599155197384900 ) ) ;
#1654 = VECTOR ( 'NONE', #1655, 1000.000000000000000 ) ;
#1655 = DIRECTION ( 'NONE',  ( 1.000000000000000000, 0.0000000000000000000, 0.0000000000000000000 ) ) ;
#1656 = LINE ( 'NONE', #1657, #1658 ) ;
#1657 = CARTESIAN_POINT ( 'NONE',  ( -1.520000000000000000, -0.8000000000000000400, 4.400000000000000400 ) ) ;
#1658 = VECTOR ( 'NONE', #1659, 1000.000000000000000 ) ;
#1659 = DIRECTION ( 'NONE',  ( 0.0000000000000000000, 0.0000000000000000000, -1.000000000000000000 ) ) ;
#1660 = LINE ( 'NONE', #1661, #1662 ) ;
#1661 = CARTESIAN_POINT ( 'NONE',  ( -1.119999999999999900, 1.750000000000000000, 3.169999999999999900 ) ) ;
#1662 = VECTOR ( 'NONE', #1664, 1000.000000000000000 ) ;
#1663 = ORIENTED_EDGE ( 'NONE', *, *, #524, .F. ) ;
#1664 = DIRECTION ( 'NONE',  ( 0.0000000000000000000, -0.9578262852211533200, 0.2873478855663391100 ) ) ;
#1665 = CARTESIAN_POINT ( 'NONE',  ( -1.119999999999999900, 1.250000000000000000, -3.365014996781544800 ) ) ;
#1666 = LINE ( 'NONE', #1667, #1668 ) ;
#1667 = CARTESIAN_POINT ( 'NONE',  ( -1.520000000000000000, 1.750000000000000000, 3.810000000000000100 ) ) ;
#1668 = VECTOR ( 'NONE', #1669, 1000.000000000000000 ) ;
#1669 = DIRECTION ( 'NONE',  ( 1.723004136650784900E-016, 0.9932442608356220100, -0.1160423987906961900 ) ) ;
#1670 = LINE ( 'NONE', #1671, #1672 ) ;
#1671 = CARTESIAN_POINT ( 'NONE',  ( -1.119999999999999900, 1.750000000000000000, 3.810000000000000100 ) ) ;
#1672 = VECTOR ( 'NONE', #1673, 1000.000000000000000 ) ;
#1673 = DIRECTION ( 'NONE',  ( 0.0000000000000000000, 0.9932442608356220100, -0.1160423987906961900 ) ) ;
#1674 = LINE ( 'NONE', #1675, #1676 ) ;
#1675 = CARTESIAN_POINT ( 'NONE',  ( -1.520000000000000000, 1.250000000000000000, 3.365014996781544800 ) ) ;
#1676 = VECTOR ( 'NONE', #1677, 1000.000000000000000 ) ;
#1677 = DIRECTION ( 'NONE',  ( -1.723004136650784900E-016, -0.9932442608356220100, 0.1160423987906961900 ) ) ;
#1678 = LINE ( 'NONE', #1679, #1681 ) ;
#1679 = CARTESIAN_POINT ( 'NONE',  ( -0.6200000000000000000, 1.649999999999999900, 3.200000000000000200 ) ) ;
#1680 = ORIENTED_EDGE ( 'NONE', *, *, #2032, .F. ) ;
#1681 = VECTOR ( 'NONE', #1682, 1000.000000000000100 ) ;
#1682 = DIRECTION ( 'NONE',  ( 0.0000000000000000000, -0.9578262852211512100, 0.2873478855663456100 ) ) ;
#1683 = FACE_OUTER_BOUND ( 'NONE', #27, .T. ) ;
#1684 = PLANE ( 'NONE',  #1685 ) ;
#1685 = AXIS2_PLACEMENT_3D ( 'NONE', #1686, #1687, #1688 ) ;
#1686 = CARTESIAN_POINT ( 'NONE',  ( -1.020000000000000000, -0.8000000000000000400, -4.400000000000000400 ) ) ;
#1687 = DIRECTION ( 'NONE',  ( 1.000000000000000000, -8.673617379884039200E-017, 0.0000000000000000000 ) ) ;
#1688 = DIRECTION ( 'NONE',  ( 8.673617379884039200E-017, 1.000000000000000000, 0.0000000000000000000 ) ) ;
#1689 = FACE_OUTER_BOUND ( 'NONE', #17, .T. ) ;
#1690 = PLANE ( 'NONE',  #1691 ) ;
#1691 = AXIS2_PLACEMENT_3D ( 'NONE', #1692, #1693, #1694 ) ;
#1692 = CARTESIAN_POINT ( 'NONE',  ( -1.119999999999999900, 1.750000000000000000, -3.185000000000000100 ) ) ;
#1693 = DIRECTION ( 'NONE',  ( 1.000000000000000000, 0.0000000000000000000, 0.0000000000000000000 ) ) ;
#1694 = DIRECTION ( 'NONE',  ( 0.0000000000000000000, 0.0000000000000000000, 1.000000000000000000 ) ) ;
#1695 = CARTESIAN_POINT ( 'NONE',  ( 1.119999999999999900, 1.649999999999999900, -3.200000000000000200 ) ) ;
#1696 = LINE ( 'NONE', #1700, #1701 ) ;
#1697 = ORIENTED_EDGE ( 'NONE', *, *, #543, .F. ) ;
#1698 = ADVANCED_FACE ( 'NONE', ( #1591 ), #1592, .F. ) ;
#1699 = EDGE_CURVE ( 'NONE', #528, #551, #1598, .T. ) ;
#1700 = CARTESIAN_POINT ( 'NONE',  ( 2.290000000000000000, 1.649999999999999900, 2.600000000000000100 ) ) ;
#1701 = VECTOR ( 'NONE', #1702, 1000.000000000000000 ) ;
#1702 = DIRECTION ( 'NONE',  ( 0.0000000000000000000, 0.0000000000000000000, 1.000000000000000000 ) ) ;
#1703 = CARTESIAN_POINT ( 'NONE',  ( 1.119999999999999900, 0.0000000000000000000, -4.014455445544554900 ) ) ;
#1704 = LINE ( 'NONE', #1705, #1706 ) ;
#1705 = CARTESIAN_POINT ( 'NONE',  ( -1.920000000000000200, -0.8000000000000000400, 3.604519947276595200 ) ) ;
#1706 = VECTOR ( 'NONE', #1707, 1000.000000000000000 ) ;
#1707 = DIRECTION ( 'NONE',  ( 1.000000000000000000, -5.421010862427530100E-016, 6.333458235311359300E-017 ) ) ;
#1708 = LINE ( 'NONE', #1709, #1710 ) ;
#1709 = CARTESIAN_POINT ( 'NONE',  ( 1.920000000000000200, 1.250000000000000000, 3.365014996781544800 ) ) ;
#1710 = VECTOR ( 'NONE', #1711, 1000.000000000000000 ) ;
#1711 = DIRECTION ( 'NONE',  ( -1.000000000000000000, 0.0000000000000000000, 0.0000000000000000000 ) ) ;
#1712 = FACE_OUTER_BOUND ( 'NONE', #36, .T. ) ;
#1713 = PLANE ( 'NONE',  #1714 ) ;
#1714 = AXIS2_PLACEMENT_3D ( 'NONE', #1715, #1717, #1718 ) ;
#1715 = CARTESIAN_POINT ( 'NONE',  ( 1.119999999999999900, 3.035892918740204500E-017, 3.000000000000000000 ) ) ;
#1716 = VERTEX_POINT ( 'NONE', #1602 ) ;
#1717 = DIRECTION ( 'NONE',  ( 0.0000000000000000000, -1.000000000000000000, -1.224606353822375800E-016 ) ) ;
#1718 = DIRECTION ( 'NONE',  ( 0.0000000000000000000, 1.224606353822375800E-016, -1.000000000000000000 ) ) ;
#1719 = FACE_OUTER_BOUND ( 'NONE', #523, .T. ) ;
#1720 = PLANE ( 'NONE',  #1721 ) ;
#1721 = AXIS2_PLACEMENT_3D ( 'NONE', #1722, #1723, #1724 ) ;
#1722 = CARTESIAN_POINT ( 'NONE',  ( 1.520000000000000000, -0.8000000000000000400, 4.400000000000000400 ) ) ;
#1723 = DIRECTION ( 'NONE',  ( 0.0000000000000000000, -1.000000000000000000, 0.0000000000000000000 ) ) ;
#1724 = DIRECTION ( 'NONE',  ( 0.0000000000000000000, 0.0000000000000000000, -1.000000000000000000 ) ) ;
#1725 = FACE_OUTER_BOUND ( 'NONE', #265, .T. ) ;
#1726 = PLANE ( 'NONE',  #1727 ) ;
#1727 = AXIS2_PLACEMENT_3D ( 'NONE', #1728, #1729, #1730 ) ;
#1728 = CARTESIAN_POINT ( 'NONE',  ( 1.920000000000000200, -3.299999999999999800, 4.400000000000000400 ) ) ;
#1729 = DIRECTION ( 'NONE',  ( 0.0000000000000000000, 1.000000000000000000, -1.723004136650785000E-015 ) ) ;
#1730 = DIRECTION ( 'NONE',  ( 0.0000000000000000000, 1.723004136650785000E-015, 1.000000000000000000 ) ) ;
#1731 = LINE ( 'NONE', #1732, #1734 ) ;
#1732 = CARTESIAN_POINT ( 'NONE',  ( -1.920000000000000200, 3.280814189504680300E-017, 5.200000000000000200 ) ) ;
#1733 = ORIENTED_EDGE ( 'NONE', *, *, #46, .F. ) ;
#1734 = VECTOR ( 'NONE', #1735, 1000.000000000000000 ) ;
#1735 = DIRECTION ( 'NONE',  ( 0.0000000000000000000, 1.491279177047579900E-017, 1.000000000000000000 ) ) ;
#1736 = CARTESIAN_POINT ( 'NONE',  ( -1.119999999999999900, 1.750000000000000000, 3.810000000000000100 ) ) ;
#1737 = LINE ( 'NONE', #1738, #1739 ) ;
#1738 = CARTESIAN_POINT ( 'NONE',  ( -1.020000000000000000, 1.250000000000000000, -3.365014996781544800 ) ) ;
#1739 = VECTOR ( 'NONE', #1740, 1000.000000000000000 ) ;
#1740 = DIRECTION ( 'NONE',  ( -8.615020683253919600E-017, -0.9932442608356220100, -0.1160423987906961900 ) ) ;
#1741 = CARTESIAN_POINT ( 'NONE',  ( -2.290000000000000000, 1.649999999999999900, 3.200000000000000200 ) ) ;
#1742 = LINE ( 'NONE', #1743, #1744 ) ;
#1743 = CARTESIAN_POINT ( 'NONE',  ( 2.290000000000000000, 1.649999999999999900, 3.200000000000000200 ) ) ;
#1744 = VECTOR ( 'NONE', #1745, 1000.000000000000000 ) ;
#1745 = DIRECTION ( 'NONE',  ( -1.000000000000000000, 0.0000000000000000000, 0.0000000000000000000 ) ) ;
#1746 = CARTESIAN_POINT ( 'NONE',  ( -1.920000000000000200, 1.122308426706546000E-016, 3.511054600741940300 ) ) ;
#1747 = FACE_OUTER_BOUND ( 'NONE', #257, .T. ) ;
#1748 = PLANE ( 'NONE',  #1749 ) ;
#1749 = AXIS2_PLACEMENT_3D ( 'NONE', #1751, #1752, #1753 ) ;
#1750 = ADVANCED_FACE ( 'NONE', ( #1616 ), #1617, .F. ) ;
#1751 = CARTESIAN_POINT ( 'NONE',  ( -1.520000000000000000, -0.8000000000000000400, 4.400000000000000400 ) ) ;
#1752 = DIRECTION ( 'NONE',  ( 0.0000000000000000000, 1.000000000000000000, 0.0000000000000000000 ) ) ;
#1753 = DIRECTION ( 'NONE',  ( 0.0000000000000000000, 0.0000000000000000000, 1.000000000000000000 ) ) ;
#1754 = CARTESIAN_POINT ( 'NONE',  ( 1.920000000000000200, 6.203919112040029600E-016, -3.511054600741940300 ) ) ;
#1755 = LINE ( 'NONE', #1756, #1757 ) ;
#1756 = CARTESIAN_POINT ( 'NONE',  ( -0.6200000000000000000, 1.750000000000000000, -3.810000000000000100 ) ) ;
#1757 = VECTOR ( 'NONE', #1758, 1000.000000000000000 ) ;
#1758 = DIRECTION ( 'NONE',  ( 0.0000000000000000000, -0.9932442608356220100, -0.1160423987906961900 ) ) ;
#1759 = LINE ( 'NONE', #1760, #1761 ) ;
#1760 = CARTESIAN_POINT ( 'NONE',  ( 1.520000000000000000, -0.8000000000000000400, -4.400000000000000400 ) ) ;
#1761 = VECTOR ( 'NONE', #1762, 1000.000000000000000 ) ;
#1762 = DIRECTION ( 'NONE',  ( 0.0000000000000000000, 0.0000000000000000000, 1.000000000000000000 ) ) ;
#1763 = LINE ( 'NONE', #1764, #1765 ) ;
#1764 = CARTESIAN_POINT ( 'NONE',  ( 1.920000000000000200, -0.8000000000000000400, 3.604519947276595200 ) ) ;
#1765 = VECTOR ( 'NONE', #1766, 1000.000000000000000 ) ;
#1766 = DIRECTION ( 'NONE',  ( 1.000000000000000000, 0.0000000000000000000, 0.0000000000000000000 ) ) ;
#1767 = EDGE_CURVE ( 'NONE', #501, #316, #1629, .T. ) ;
#1768 = EDGE_CURVE ( 'NONE', #51, #612, #1633, .T. ) ;
#1769 = EDGE_LOOP ( 'NONE', ( #491, #206, #2023, #279, #562, #1733, #111, #598, #754, #1120, #525, #536 ) ) ;
#1770 = LINE ( 'NONE', #1771, #1772 ) ;
#1771 = CARTESIAN_POINT ( 'NONE',  ( 1.990000000000000000, 3.649999999999999900, -4.400000000000000400 ) ) ;
#1772 = VECTOR ( 'NONE', #1773, 1000.000000000000000 ) ;
#1773 = DIRECTION ( 'NONE',  ( 0.0000000000000000000, 0.0000000000000000000, 1.000000000000000000 ) ) ;
#1774 = LINE ( 'NONE', #1775, #1776 ) ;
#1775 = CARTESIAN_POINT ( 'NONE',  ( -1.920000000000000200, 1.250000000000000000, 3.151515151515150000 ) ) ;
#1776 = VECTOR ( 'NONE', #1777, 1000.000000000000000 ) ;
#1777 = DIRECTION ( 'NONE',  ( 1.000000000000000000, 0.0000000000000000000, 0.0000000000000000000 ) ) ;
#1778 = CARTESIAN_POINT ( 'NONE',  ( 1.119999999999999900, -1.611257096723595200E-017, 3.511054600741940300 ) ) ;
#1779 = LINE ( 'NONE', #1780, #1781 ) ;
#1780 = CARTESIAN_POINT ( 'NONE',  ( -1.920000000000000200, -0.8000000000000000400, 3.604519947276595200 ) ) ;
#1781 = VECTOR ( 'NONE', #1782, 1000.000000000000000 ) ;
#1782 = DIRECTION ( 'NONE',  ( 1.000000000000000000, 0.0000000000000000000, 0.0000000000000000000 ) ) ;
#1783 = LINE ( 'NONE', #1784, #1785 ) ;
#1784 = CARTESIAN_POINT ( 'NONE',  ( -1.920000000000000200, 0.0000000000000000000, 4.014455445544554900 ) ) ;
#1785 = VECTOR ( 'NONE', #1789, 1000.000000000000000 ) ;
#1786 = ADVANCED_FACE ( 'NONE', ( #1637 ), #1638, .F. ) ;
#1787 = VERTEX_POINT ( 'NONE', #1651 ) ;
#1788 = EDGE_CURVE ( 'NONE', #198, #134, #1652, .T. ) ;
#1789 = DIRECTION ( 'NONE',  ( 1.000000000000000000, 0.0000000000000000000, 0.0000000000000000000 ) ) ;
#1790 = CARTESIAN_POINT ( 'NONE',  ( 0.6200000000000000000, 1.649999999999999900, -3.200000000000000200 ) ) ;
#1791 = FACE_OUTER_BOUND ( 'NONE', #390, .T. ) ;
#1792 = PLANE ( 'NONE',  #1793 ) ;
#1793 = AXIS2_PLACEMENT_3D ( 'NONE', #1794, #1795, #1796 ) ;
#1794 = CARTESIAN_POINT ( 'NONE',  ( -1.920000000000000200, 1.750000000000000000, 3.169999999999999900 ) ) ;
#1795 = DIRECTION ( 'NONE',  ( 0.0000000000000000000, 1.000000000000000000, 0.0000000000000000000 ) ) ;
#1796 = DIRECTION ( 'NONE',  ( 0.0000000000000000000, 0.0000000000000000000, 1.000000000000000000 ) ) ;
#1797 = LINE ( 'NONE', #1798, #1799 ) ;
#1798 = CARTESIAN_POINT ( 'NONE',  ( -1.020000000000000000, 1.750000000000000000, 3.810000000000000100 ) ) ;
#1799 = VECTOR ( 'NONE', #1800, 1000.000000000000000 ) ;
#1800 = DIRECTION ( 'NONE',  ( -8.615020683253919600E-017, -0.9932442608356220100, 0.1160423987906961900 ) ) ;
#1801 = LINE ( 'NONE', #1802, #1803 ) ;
#1802 = CARTESIAN_POINT ( 'NONE',  ( 1.020000000000000000, 1.250000000000000000, 3.365014996781544800 ) ) ;
#1803 = VECTOR ( 'NONE', #1804, 1000.000000000000000 ) ;
#1804 = DIRECTION ( 'NONE',  ( 8.615020683253919600E-017, -0.9932442608356220100, 0.1160423987906961900 ) ) ;
#1805 = EDGE_CURVE ( 'NONE', #1312, #516, #1670, .T. ) ;
#1806 = CARTESIAN_POINT ( 'NONE',  ( -1.520000000000000000, -0.8000000000000000400, 3.604519947276595200 ) ) ;
#1807 = LINE ( 'NONE', #1808, #1809 ) ;
#1808 = CARTESIAN_POINT ( 'NONE',  ( -1.020000000000000000, 1.250000000000000000, 3.365014996781544800 ) ) ;
#1809 = VECTOR ( 'NONE', #1810, 1000.000000000000000 ) ;
#1810 = DIRECTION ( 'NONE',  ( 8.615020683253919600E-017, 0.9932442608356220100, -0.1160423987906961900 ) ) ;
#1811 = LINE ( 'NONE', #1812, #1813 ) ;
#1812 = CARTESIAN_POINT ( 'NONE',  ( -1.920000000000000200, 1.250000000000000000, 3.365014996781544800 ) ) ;
#1813 = VECTOR ( 'NONE', #1814, 1000.000000000000000 ) ;
#1814 = DIRECTION ( 'NONE',  ( 0.0000000000000000000, 0.9932442608356220100, -0.1160423987906961900 ) ) ;
#1815 = LINE ( 'NONE', #1816, #1817 ) ;
#1816 = CARTESIAN_POINT ( 'NONE',  ( 0.6200000000000000000, 1.250000000000000000, 3.151515151515150000 ) ) ;
#1817 = VECTOR ( 'NONE', #1818, 1000.000000000000000 ) ;
#1818 = DIRECTION ( 'NONE',  ( 0.0000000000000000000, 0.0000000000000000000, -1.000000000000000000 ) ) ;
#1819 = LINE ( 'NONE', #1820, #1821 ) ;
#1820 = CARTESIAN_POINT ( 'NONE',  ( 1.020000000000000000, -3.299999999999999800, -4.400000000000000400 ) ) ;
#1821 = VECTOR ( 'NONE', #1824, 1000.000000000000000 ) ;
#1822 = ORIENTED_EDGE ( 'NONE', *, *, #463, .T. ) ;
#1823 = ORIENTED_EDGE ( 'NONE', *, *, #157, .F. ) ;
#1824 = DIRECTION ( 'NONE',  ( 0.0000000000000000000, 0.0000000000000000000, 1.000000000000000000 ) ) ;
#1825 = LINE ( 'NONE', #1826, #1827 ) ;
#1826 = CARTESIAN_POINT ( 'NONE',  ( -0.6200000000000000000, 1.750000000000000000, 3.169999999999999900 ) ) ;
#1827 = VECTOR ( 'NONE', #1828, 1000.000000000000000 ) ;
#1828 = DIRECTION ( 'NONE',  ( 0.0000000000000000000, 0.0000000000000000000, 1.000000000000000000 ) ) ;
#1829 = CARTESIAN_POINT ( 'NONE',  ( -1.520000000000000000, -0.8000000000000000400, -3.604519947276595200 ) ) ;
#1830 = CARTESIAN_POINT ( 'NONE',  ( 1.920000000000000200, -9.387192924095540700E-017, 4.014455445544554900 ) ) ;
#1831 = CARTESIAN_POINT ( 'NONE',  ( -1.119999999999999900, 1.250000000000000000, 3.365014996781544800 ) ) ;
#1832 = FACE_OUTER_BOUND ( 'NONE', #1385, .T. ) ;
#1833 = PLANE ( 'NONE',  #1834 ) ;
#1834 = AXIS2_PLACEMENT_3D ( 'NONE', #1835, #1836, #1837 ) ;
#1835 = CARTESIAN_POINT ( 'NONE',  ( -1.520000000000000000, -0.8000000000000000400, 4.400000000000000400 ) ) ;
#1836 = DIRECTION ( 'NONE',  ( 1.000000000000000000, -1.734723475976804900E-016, 0.0000000000000000000 ) ) ;
#1837 = DIRECTION ( 'NONE',  ( 1.734723475976804900E-016, 1.000000000000000000, 0.0000000000000000000 ) ) ;
#1838 = CARTESIAN_POINT ( 'NONE',  ( -1.020000000000000000, -0.8000000000000000400, 3.604519947276595200 ) ) ;
#1839 = LINE ( 'NONE', #1840, #1841 ) ;
#1840 = CARTESIAN_POINT ( 'NONE',  ( -1.520000000000000000, 1.750000000000000000, -3.810000000000000100 ) ) ;
#1841 = VECTOR ( 'NONE', #1842, 1000.000000000000000 ) ;
#1842 = DIRECTION ( 'NONE',  ( -1.723004136650784900E-016, -0.9932442608356220100, -0.1160423987906961900 ) ) ;
#1843 = LINE ( 'NONE', #1844, #1845 ) ;
#1844 = CARTESIAN_POINT ( 'NONE',  ( 2.290000000000000000, 3.035892918740204500E-017, 3.000000000000000000 ) ) ;
#1845 = VECTOR ( 'NONE', #1846, 1000.000000000000000 ) ;
#1846 = DIRECTION ( 'NONE',  ( -1.000000000000000000, 0.0000000000000000000, 0.0000000000000000000 ) ) ;
#1847 = LINE ( 'NONE', #1848, #1849 ) ;
#1848 = CARTESIAN_POINT ( 'NONE',  ( 1.520000000000000000, 1.750000000000000000, -3.810000000000000100 ) ) ;
#1849 = VECTOR ( 'NONE', #1850, 1000.000000000000000 ) ;
#1850 = DIRECTION ( 'NONE',  ( -1.723004136650784900E-016, 0.9932442608356220100, 0.1160423987906961900 ) ) ;
#1851 = LINE ( 'NONE', #1852, #1853 ) ;
#1852 = CARTESIAN_POINT ( 'NONE',  ( -1.920000000000000200, 1.750000000000000000, 3.810000000000000100 ) ) ;
#1853 = VECTOR ( 'NONE', #1854, 1000.000000000000000 ) ;
#1854 = DIRECTION ( 'NONE',  ( 0.0000000000000000000, -0.9932442608356220100, 0.1160423987906961900 ) ) ;
#1855 = CARTESIAN_POINT ( 'NONE',  ( -1.520000000000000000, -3.299999999999999800, -3.896599155197384900 ) ) ;
#1856 = ORIENTED_EDGE ( 'NONE', *, *, #205, .F. ) ;
#1857 = CARTESIAN_POINT ( 'NONE',  ( -1.020000000000000000, -3.299999999999999800, 3.896599155197384900 ) ) ;
#1858 = LINE ( 'NONE', #1859, #1860 ) ;
#1859 = CARTESIAN_POINT ( 'NONE',  ( 1.119999999999999900, 1.750000000000000000, -3.185000000000000100 ) ) ;
#1860 = VECTOR ( 'NONE', #1861, 1000.000000000000000 ) ;
#1861 = DIRECTION ( 'NONE',  ( 0.0000000000000000000, 0.0000000000000000000, 1.000000000000000000 ) ) ;
#1862 = FACE_OUTER_BOUND ( 'NONE', #324, .T. ) ;
#1863 = PLANE ( 'NONE',  #1864 ) ;
#1864 = AXIS2_PLACEMENT_3D ( 'NONE', #1865, #1866, #1867 ) ;
#1865 = CARTESIAN_POINT ( 'NONE',  ( 1.119999999999999900, 1.750000000000000000, 3.169999999999999900 ) ) ;
#1866 = DIRECTION ( 'NONE',  ( 1.000000000000000000, 0.0000000000000000000, 0.0000000000000000000 ) ) ;
#1867 = DIRECTION ( 'NONE',  ( 0.0000000000000000000, 0.0000000000000000000, -1.000000000000000000 ) ) ;
#1868 = CARTESIAN_POINT ( 'NONE',  ( -2.290000000000000000, 1.649999999999999900, -3.200000000000000200 ) ) ;
#1869 = LINE ( 'NONE', #1870, #1871 ) ;
#1870 = CARTESIAN_POINT ( 'NONE',  ( -1.897846889952155000, 4.264354066985645500, -2.807846889952155100 ) ) ;
#1871 = VECTOR ( 'NONE', #1872, 1000.000000000000000 ) ;
#1872 = DIRECTION ( 'NONE',  ( 0.1467347964133552100, 0.9782319760890370000, 0.1467347964133560200 ) ) ;
#1873 = CARTESIAN_POINT ( 'NONE',  ( 1.020000000000000000, -3.299999999999999800, 3.896599155197384900 ) ) ;
#1874 = LINE ( 'NONE', #1875, #1876 ) ;
#1875 = CARTESIAN_POINT ( 'NONE',  ( 1.920000000000000200, -0.8000000000000000400, 4.107920792079209300 ) ) ;
#1876 = VECTOR ( 'NONE', #1877, 1000.000000000000000 ) ;
#1877 = DIRECTION ( 'NONE',  ( -1.000000000000000000, 0.0000000000000000000, 0.0000000000000000000 ) ) ;
#1878 = LINE ( 'NONE', #1879, #1880 ) ;
#1879 = CARTESIAN_POINT ( 'NONE',  ( 2.290000000000000000, 1.649999999999999900, -3.200000000000000200 ) ) ;
#1880 = VECTOR ( 'NONE', #1881, 1000.000000000000000 ) ;
#1881 = DIRECTION ( 'NONE',  ( -1.000000000000000000, 0.0000000000000000000, 0.0000000000000000000 ) ) ;
#1882 = LINE ( 'NONE', #1883, #1884 ) ;
#1883 = CARTESIAN_POINT ( 'NONE',  ( 1.920000000000000200, 1.750000000000000000, -3.810000000000000100 ) ) ;
#1884 = VECTOR ( 'NONE', #1885, 1000.000000000000000 ) ;
#1885 = DIRECTION ( 'NONE',  ( -1.000000000000000000, 0.0000000000000000000, 0.0000000000000000000 ) ) ;
#1886 = FACE_OUTER_BOUND ( 'NONE', #416, .T. ) ;
#1887 = PLANE ( 'NONE',  #1888 ) ;
#1888 = AXIS2_PLACEMENT_3D ( 'NONE', #1890, #1891, #1892 ) ;
#1889 = ORIENTED_EDGE ( 'NONE', *, *, #2006, .F. ) ;
#1890 = CARTESIAN_POINT ( 'NONE',  ( -1.520000000000000000, -0.8000000000000000400, -4.400000000000000400 ) ) ;
#1891 = DIRECTION ( 'NONE',  ( -1.000000000000000000, 1.734723475976804900E-016, 0.0000000000000000000 ) ) ;
#1892 = DIRECTION ( 'NONE',  ( -1.734723475976804900E-016, -1.000000000000000000, 0.0000000000000000000 ) ) ;
#1893 = LINE ( 'NONE', #1894, #1895 ) ;
#1894 = CARTESIAN_POINT ( 'NONE',  ( 1.119999999999999900, 1.250000000000000000, -3.151515151515150000 ) ) ;
#1895 = VECTOR ( 'NONE', #1896, 1000.000000000000000 ) ;
#1896 = DIRECTION ( 'NONE',  ( 0.0000000000000000000, 0.0000000000000000000, -1.000000000000000000 ) ) ;
#1897 = CARTESIAN_POINT ( 'NONE',  ( -1.920000000000000200, 1.159843986584660100E-016, 4.014455445544554900 ) ) ;
#1898 = CARTESIAN_POINT ( 'NONE',  ( 0.6200000000000000000, 1.649999999999999900, 3.200000000000000200 ) ) ;
#1899 = CARTESIAN_POINT ( 'NONE',  ( 1.119999999999999900, 1.750000000000000000, -3.810000000000000100 ) ) ;
#1900 = LINE ( 'NONE', #1901, #1902 ) ;
#1901 = CARTESIAN_POINT ( 'NONE',  ( 1.920000000000000200, -3.299999999999999800, -3.896599155197384900 ) ) ;
#1902 = VECTOR ( 'NONE', #1903, 1000.000000000000000 ) ;
#1903 = DIRECTION ( 'NONE',  ( -1.000000000000000000, 0.0000000000000000000, 0.0000000000000000000 ) ) ;
#1904 = CARTESIAN_POINT ( 'NONE',  ( 0.6200000000000000000, 1.750000000000000000, -3.810000000000000100 ) ) ;
#1905 = CARTESIAN_POINT ( 'NONE',  ( 1.920000000000000200, -0.8000000000000000400, -4.107920792079209300 ) ) ;
#1906 = ORIENTED_EDGE ( 'NONE', *, *, #2020, .F. ) ;
#1907 = LINE ( 'NONE', #1908, #1909 ) ;
#1908 = CARTESIAN_POINT ( 'NONE',  ( 1.920000000000000200, 0.0000000000000000000, 3.511054600741940300 ) ) ;
#1909 = VECTOR ( 'NONE', #1910, 1000.000000000000000 ) ;
#1910 = DIRECTION ( 'NONE',  ( 1.000000000000000000, 0.0000000000000000000, 0.0000000000000000000 ) ) ;
#1911 = CARTESIAN_POINT ( 'NONE',  ( -1.520000000000000000, -3.299999999999999800, -4.400000000000000400 ) ) ;
#1912 = LINE ( 'NONE', #1913, #1914 ) ;
#1913 = CARTESIAN_POINT ( 'NONE',  ( 1.119999999999999900, 1.750000000000000000, 3.810000000000000100 ) ) ;
#1914 = VECTOR ( 'NONE', #1915, 1000.000000000000000 ) ;
#1915 = DIRECTION ( 'NONE',  ( 0.0000000000000000000, -0.9932442608356220100, 0.1160423987906961900 ) ) ;
#1916 = CARTESIAN_POINT ( 'NONE',  ( 1.119999999999999900, -4.693596462047770300E-017, 4.014455445544554900 ) ) ;
#1917 = LINE ( 'NONE', #1918, #1919 ) ;
#1918 = CARTESIAN_POINT ( 'NONE',  ( -1.920000000000000200, 1.750000000000000000, 3.169999999999999900 ) ) ;
#1919 = VECTOR ( 'NONE', #1920, 1000.000000000000000 ) ;
#1920 = DIRECTION ( 'NONE',  ( 1.000000000000000000, 0.0000000000000000000, 0.0000000000000000000 ) ) ;
#1921 = CARTESIAN_POINT ( 'NONE',  ( 1.020000000000000000, -0.8000000000000000400, -4.107920792079209300 ) ) ;
#1922 = CARTESIAN_POINT ( 'NONE',  ( 1.119999999999999900, 1.250000000000000000, -3.365014996781544800 ) ) ;
#1923 = ORIENTED_EDGE ( 'NONE', *, *, #2005, .F. ) ;
#1924 = CARTESIAN_POINT ( 'NONE',  ( -1.920000000000000200, -0.8000000000000000400, 4.107920792079209300 ) ) ;
#1925 =( LENGTH_UNIT ( ) NAMED_UNIT ( * ) SI_UNIT ( .MILLI., .METRE. ) );
#1926 =( NAMED_UNIT ( * ) PLANE_ANGLE_UNIT ( ) SI_UNIT ( $, .RADIAN. ) );
#1927 =( NAMED_UNIT ( * ) SI_UNIT ( $, .STERADIAN. ) SOLID_ANGLE_UNIT ( ) );
#1928 = UNCERTAINTY_MEASURE_WITH_UNIT (LENGTH_MEASURE( 1.000000000000000100E-005 ), #1925, 'distance_accuracy_value', 'NONE');
#1929 =( GEOMETRIC_REPRESENTATION_CONTEXT ( 3 ) GLOBAL_UNCERTAINTY_ASSIGNED_CONTEXT ( ( #1928 ) ) GLOBAL_UNIT_ASSIGNED_CONTEXT ( ( #1925, #1926, #1927 ) ) REPRESENTATION_CONTEXT ( 'NONE', 'WORKASPACE' ) );
#1930 = ADVANCED_BREP_SHAPE_REPRESENTATION ( 'G3VM_41AY1', ( #430, #1931 ), #1929 ) ;
#1931 = AXIS2_PLACEMENT_3D ( 'NONE', #1932, #1933, #1934 ) ;
#1932 = CARTESIAN_POINT ( 'NONE',  ( 0.0000000000000000000, 0.0000000000000000000, 0.0000000000000000000 ) ) ;
#1933 = DIRECTION ( 'NONE',  ( 0.0000000000000000000, 0.0000000000000000000, 1.000000000000000000 ) ) ;
#1934 = DIRECTION ( 'NONE',  ( 1.000000000000000000, 0.0000000000000000000, 0.0000000000000000000 ) ) ;
#1935 = APPLICATION_CONTEXT ( 'configuration controlled 3d designs of mechanical parts and assemblies' ) ;
#1936 = ADVANCED_FACE ( 'NONE', ( #1725 ), #1726, .F. ) ;
#1937 = APPLICATION_PROTOCOL_DEFINITION ( 'international standard', 'config_control_design', 1994, #1935 ) ;
#1938 = MECHANICAL_CONTEXT ( 'NONE', #1935, 'mechanical' ) ;
#1939 = PRODUCT ( 'G3VM_41AY1', 'G3VM_41AY1', '', ( #1938 ) ) ;
#1940 = PERSON ( 'UNSPECIFIED', 'UNSPECIFIED', 'UNSPECIFIED', ('UNSPECIFIED'), ('UNSPECIFIED'), ('UNSPECIFIED') ) ;
#1941 = ORGANIZATION ( 'UNSPECIFIED', 'UNSPECIFIED', '' ) ;
#1942 = PERSON_AND_ORGANIZATION ( #1940, #1941 ) ;
#1943 = PERSON_AND_ORGANIZATION_ROLE ( 'design_owner' ) ;
#1944 = CC_DESIGN_PERSON_AND_ORGANIZATION_ASSIGNMENT ( #1942, #1943, ( #1939 ) ) ;
#1945 = APPLICATION_CONTEXT ( 'configuration controlled 3d designs of mechanical parts and assemblies' ) ;
#1946 = APPLICATION_PROTOCOL_DEFINITION ( 'international standard', 'config_control_design', 1994, #1945 ) ;
#1947 = DESIGN_CONTEXT ( 'detailed design', #1945, 'design' ) ;
#1948 = PRODUCT_DEFINITION ( 'UNKNOWN', '', #1970, #1947 ) ;
#1949 = PERSON_AND_ORGANIZATION ( #1940, #1941 ) ;
#1950 = APPROVAL_STATUS ( 'not_yet_approved' ) ;
#1951 = APPROVAL ( #1950, 'UNSPECIFIED' ) ;
#1952 = APPROVAL_ROLE ( '' ) ;
#1953 = APPROVAL_PERSON_ORGANIZATION ( #1949, #1951, #1952 ) ;
#1954 = COORDINATED_UNIVERSAL_TIME_OFFSET ( 9, 0, .AHEAD. ) ;
#1955 = LOCAL_TIME ( 8, 11, 36.00000000000000000, #1954 ) ;
#1956 = CALENDAR_DATE ( 2013, 7, 10 ) ;
#1957 = DATE_AND_TIME ( #1956, #1955 ) ;
#1958 = APPROVAL_DATE_TIME ( #1957, #1951 ) ;
#1959 = CC_DESIGN_APPROVAL ( #1951, ( #1948 ) ) ;
#1960 = PERSON_AND_ORGANIZATION ( #1940, #1941 ) ;
#1961 = PERSON_AND_ORGANIZATION_ROLE ( 'creator' ) ;
#1962 = CC_DESIGN_PERSON_AND_ORGANIZATION_ASSIGNMENT ( #1960, #1961, ( #1948 ) ) ;
#1963 = COORDINATED_UNIVERSAL_TIME_OFFSET ( 9, 0, .AHEAD. ) ;
#1964 = LOCAL_TIME ( 8, 11, 36.00000000000000000, #1963 ) ;
#1965 = CALENDAR_DATE ( 2013, 7, 10 ) ;
#1966 = DATE_AND_TIME ( #1965, #1964 ) ;
#1967 = DATE_TIME_ROLE ( 'creation_date' ) ;
#1968 = CC_DESIGN_DATE_AND_TIME_ASSIGNMENT ( #1966, #1967, ( #1948 ) ) ;
#1969 = EDGE_LOOP ( 'NONE', ( #200, #244, #290, #375 ) ) ;
#1970 = PRODUCT_DEFINITION_FORMATION_WITH_SPECIFIED_SOURCE ( 'ANY', '', #1939, .NOT_KNOWN. ) ;
#1971 = PERSON_AND_ORGANIZATION ( #1940, #1941 ) ;
#1972 = APPROVAL_STATUS ( 'not_yet_approved' ) ;
#1973 = APPROVAL ( #1972, 'UNSPECIFIED' ) ;
#1974 = APPROVAL_ROLE ( '' ) ;
#1975 = APPROVAL_PERSON_ORGANIZATION ( #1971, #1973, #1974 ) ;
#1976 = COORDINATED_UNIVERSAL_TIME_OFFSET ( 9, 0, .AHEAD. ) ;
#1977 = LOCAL_TIME ( 8, 11, 36.00000000000000000, #1976 ) ;
#1978 = CALENDAR_DATE ( 2013, 7, 10 ) ;
#1979 = DATE_AND_TIME ( #1978, #1977 ) ;
#1980 = APPROVAL_DATE_TIME ( #1979, #1973 ) ;
#1981 = CC_DESIGN_APPROVAL ( #1973, ( #1970 ) ) ;
#1982 = PERSON_AND_ORGANIZATION ( #1940, #1941 ) ;
#1983 = PERSON_AND_ORGANIZATION_ROLE ( 'creator' ) ;
#1984 = CC_DESIGN_PERSON_AND_ORGANIZATION_ASSIGNMENT ( #1982, #1983, ( #1970 ) ) ;
#1985 = PERSON_AND_ORGANIZATION ( #1940, #1941 ) ;
#1986 = VERTEX_POINT ( 'NONE', #1754 ) ;
#1987 = EDGE_CURVE ( 'NONE', #156, #788, #1755, .T. ) ;
#1988 = EDGE_CURVE ( 'NONE', #1386, #81, #1763, .T. ) ;
#1989 = PERSON_AND_ORGANIZATION_ROLE ( 'design_supplier' ) ;
#1990 = CC_DESIGN_PERSON_AND_ORGANIZATION_ASSIGNMENT ( #1985, #1989, ( #1970 ) ) ;
#1991 = SECURITY_CLASSIFICATION_LEVEL ( 'unclassified' ) ;
#1992 = SECURITY_CLASSIFICATION ( '', '', #1991 ) ;
#1993 = PERSON_AND_ORGANIZATION ( #1940, #1941 ) ;
#1994 = PERSON_AND_ORGANIZATION_ROLE ( 'classification_officer' ) ;
#1995 = CC_DESIGN_PERSON_AND_ORGANIZATION_ASSIGNMENT ( #1993, #1994, ( #1992 ) ) ;
#1996 = COORDINATED_UNIVERSAL_TIME_OFFSET ( 9, 0, .AHEAD. ) ;
#1997 = LOCAL_TIME ( 8, 11, 36.00000000000000000, #1996 ) ;
#1998 = CALENDAR_DATE ( 2013, 7, 10 ) ;
#1999 = DATE_AND_TIME ( #1998, #1997 ) ;
#2000 = DATE_TIME_ROLE ( 'classification_date' ) ;
#2001 = CC_DESIGN_DATE_AND_TIME_ASSIGNMENT ( #1999, #2000, ( #1992 ) ) ;
#2002 = PERSON_AND_ORGANIZATION ( #1940, #1941 ) ;
#2003 = APPROVAL_STATUS ( 'not_yet_approved' ) ;
#2004 = APPROVAL ( #2003, 'UNSPECIFIED' ) ;
#2005 = EDGE_CURVE ( 'NONE', #384, #410, #1770, .T. ) ;
#2006 = EDGE_CURVE ( 'NONE', #2038, #1312, #1783, .T. ) ;
#2007 = ADVANCED_FACE ( 'NONE', ( #1791 ), #1792, .T. ) ;
#2008 = APPROVAL_ROLE ( '' ) ;
#2009 = APPROVAL_PERSON_ORGANIZATION ( #2002, #2004, #2008 ) ;
#2010 = COORDINATED_UNIVERSAL_TIME_OFFSET ( 9, 0, .AHEAD. ) ;
#2011 = LOCAL_TIME ( 8, 11, 36.00000000000000000, #2010 ) ;
#2012 = CALENDAR_DATE ( 2013, 7, 10 ) ;
#2013 = DATE_AND_TIME ( #2012, #2011 ) ;
#2014 = APPROVAL_DATE_TIME ( #2013, #2004 ) ;
#2015 = CC_DESIGN_APPROVAL ( #2004, ( #1992 ) ) ;
#2016 = CC_DESIGN_SECURITY_CLASSIFICATION ( #1992, ( #1970 ) ) ;
#2017 = PRODUCT_RELATED_PRODUCT_CATEGORY ( 'detail', '', ( #1939 ) ) ;
#2018 = PRODUCT_DEFINITION_SHAPE ( 'NONE', 'NONE',  #1948 ) ;
#2019 = SHAPE_DEFINITION_REPRESENTATION ( #2018, #1930 ) ;
#2020 = EDGE_CURVE ( 'NONE', #199, #549, #1807, .T. ) ;
#2021 = ORIENTED_EDGE ( 'NONE', *, *, #400, .F. ) ;
#2022 = EDGE_LOOP ( 'NONE', ( #154, #165, #183, #414 ) ) ;
#2023 = ORIENTED_EDGE ( 'NONE', *, *, #309, .F. ) ;
#2024 = VERTEX_POINT ( 'NONE', #1831 ) ;
#2025 = ORIENTED_EDGE ( 'NONE', *, *, #1, .T. ) ;
#2026 = ORIENTED_EDGE ( 'NONE', *, *, #532, .F. ) ;
#2027 = EDGE_CURVE ( 'NONE', #459, #2046, #1839, .T. ) ;
#2028 = ORIENTED_EDGE ( 'NONE', *, *, #266, .T. ) ;
#2029 = EDGE_CURVE ( 'NONE', #1295, #405, #1847, .T. ) ;
#2030 = ORIENTED_EDGE ( 'NONE', *, *, #427, .F. ) ;
#2031 = ORIENTED_EDGE ( 'NONE', *, *, #417, .T. ) ;
#2032 = EDGE_CURVE ( 'NONE', #2038, #223, #1851, .T. ) ;
#2033 = EDGE_CURVE ( 'NONE', #2039, #465, #1858, .T. ) ;
#2034 = ORIENTED_EDGE ( 'NONE', *, *, #284, .T. ) ;
#2035 = ORIENTED_EDGE ( 'NONE', *, *, #2036, .F. ) ;
#2036 = EDGE_CURVE ( 'NONE', #316, #222, #1893, .T. ) ;
#2037 = ORIENTED_EDGE ( 'NONE', *, *, #118, .T. ) ;
#2038 = VERTEX_POINT ( 'NONE', #1897 ) ;
#2039 = VERTEX_POINT ( 'NONE', #1899 ) ;
#2040 = ORIENTED_EDGE ( 'NONE', *, *, #248, .F. ) ;
#2041 = ORIENTED_EDGE ( 'NONE', *, *, #611, .F. ) ;
#2042 = EDGE_CURVE ( 'NONE', #224, #330, #1900, .T. ) ;
#2043 = ORIENTED_EDGE ( 'NONE', *, *, #298, .T. ) ;
#2044 = ORIENTED_EDGE ( 'NONE', *, *, #519, .F. ) ;
#2045 = EDGE_CURVE ( 'NONE', #528, #1646, #1907, .T. ) ;
#2046 = VERTEX_POINT ( 'NONE', #1911 ) ;
#2047 = EDGE_CURVE ( 'NONE', #341, #2048, #1912, .T. ) ;
#2048 = VERTEX_POINT ( 'NONE', #1916 ) ;
#2049 = VERTEX_POINT ( 'NONE', #1921 ) ;
ENDSEC;
END-ISO-10303-21;

